value,Complex,var,Month,Year
8.9994535446167,SGNorth,sstRe,08,1987
8.80382251739502,SGSouth,sstRe,08,1987
8.89577484130859,SPEast,sstRe,08,1987
8.74662399291992,SPEnglishBay,sstRe,08,1987
8.75335311889648,SPReefPoint,sstRe,08,1987
8.9700403213501,SGNorth,sstRe,09,1987
8.65558338165283,SGSouth,sstRe,09,1987
8.88300609588623,SPEast,sstRe,09,1987
8.84753131866455,SPEnglishBay,sstRe,09,1987
8.89751434326172,SPReefPoint,sstRe,09,1987
6.68017435073853,SGNorth,sstRe,10,1987
6.62865447998047,SGSouth,sstRe,10,1987
5.6393837928772,SPEast,sstRe,10,1987
5.9846830368042,SPEnglishBay,sstRe,10,1987
6.27219915390015,SPReefPoint,sstRe,10,1987
5.38073348999023,SGNorth,sstRe,11,1987
5.43830251693726,SGSouth,sstRe,11,1987
4.24755239486694,SPEast,sstRe,11,1987
4.6557183265686,SPEnglishBay,sstRe,11,1987
4.9839301109314,SPReefPoint,sstRe,11,1987
7.41783618927002,SGNorth,sstRe,07,1988
7.57538032531738,SGSouth,sstRe,07,1988
6.4174861907959,SPEast,sstRe,07,1988
6.77695608139038,SPEnglishBay,sstRe,07,1988
7.00354337692261,SPReefPoint,sstRe,07,1988
9.00455379486084,SGNorth,sstRe,08,1988
8.61815643310547,SGSouth,sstRe,08,1988
8.53725910186768,SPEast,sstRe,08,1988
8.34715366363525,SPEnglishBay,sstRe,08,1988
8.4701099395752,SPReefPoint,sstRe,08,1988
8.3717737197876,SGNorth,sstRe,09,1988
8.11067199707031,SGSouth,sstRe,09,1988
7.94843482971191,SPEast,sstRe,09,1988
7.99984264373779,SPEnglishBay,sstRe,09,1988
8.19808673858643,SPReefPoint,sstRe,09,1988
6.91078090667725,SGNorth,sstRe,10,1988
6.87826156616211,SGSouth,sstRe,10,1988
6.31049251556397,SPEast,sstRe,10,1988
6.78231573104858,SPEnglishBay,sstRe,10,1988
6.85041809082031,SPReefPoint,sstRe,10,1988
5.24995946884155,SGNorth,sstRe,11,1988
5.32873201370239,SGSouth,sstRe,11,1988
4.06613063812256,SPEast,sstRe,11,1988
4.60149908065796,SPEnglishBay,sstRe,11,1988
4.89215850830078,SPReefPoint,sstRe,11,1988
7.58224630355835,SGNorth,sstRe,07,1989
7.5889778137207,SGSouth,sstRe,07,1989
6.89903116226196,SPEast,sstRe,07,1989
7.13613748550415,SPEnglishBay,sstRe,07,1989
7.24105978012085,SPReefPoint,sstRe,07,1989
9.83014297485352,SGNorth,sstRe,08,1989
9.3707160949707,SGSouth,sstRe,08,1989
9.61315631866455,SPEast,sstRe,08,1989
9.61078643798828,SPEnglishBay,sstRe,08,1989
9.78173923492432,SPReefPoint,sstRe,08,1989
8.70870113372803,SGNorth,sstRe,09,1989
8.51281070709229,SGSouth,sstRe,09,1989
8.26132583618164,SPEast,sstRe,09,1989
8.42268371582031,SPEnglishBay,sstRe,09,1989
8.57084274291992,SPReefPoint,sstRe,09,1989
6.48690032958984,SGNorth,sstRe,10,1989
6.59769678115845,SGSouth,sstRe,10,1989
5.78763389587402,SPEast,sstRe,10,1989
6.24527978897095,SPEnglishBay,sstRe,10,1989
6.31482124328613,SPReefPoint,sstRe,10,1989
4.94198942184448,SGNorth,sstRe,11,1989
5.27182149887085,SGSouth,sstRe,11,1989
3.8721137046814,SPEast,sstRe,11,1989
4.44088935852051,SPEnglishBay,sstRe,11,1989
4.66580486297607,SPReefPoint,sstRe,11,1989
7.78097105026245,SGNorth,sstRe,07,1990
7.61907958984375,SGSouth,sstRe,07,1990
7.51995468139648,SPEast,sstRe,07,1990
7.71363353729248,SPEnglishBay,sstRe,07,1990
7.75259447097778,SPReefPoint,sstRe,07,1990
8.43047142028809,SGNorth,sstRe,08,1990
8.12306022644043,SGSouth,sstRe,08,1990
8.29291248321533,SPEast,sstRe,08,1990
8.45191383361816,SPEnglishBay,sstRe,08,1990
8.54393672943115,SPReefPoint,sstRe,08,1990
8.47008037567139,SGNorth,sstRe,09,1990
8.34304904937744,SGSouth,sstRe,09,1990
7.988844871521,SPEast,sstRe,09,1990
8.22924995422363,SPEnglishBay,sstRe,09,1990
8.38190364837647,SPReefPoint,sstRe,09,1990
6.6950945854187,SGNorth,sstRe,10,1990
6.79806327819824,SGSouth,sstRe,10,1990
5.64758634567261,SPEast,sstRe,10,1990
6.16476058959961,SPEnglishBay,sstRe,10,1990
6.40479373931885,SPReefPoint,sstRe,10,1990
5.14699840545654,SGNorth,sstRe,11,1990
5.21677017211914,SGSouth,sstRe,11,1990
4.08250379562378,SPEast,sstRe,11,1990
4.60745286941528,SPEnglishBay,sstRe,11,1990
4.87793397903442,SPReefPoint,sstRe,11,1990
8.06096172332764,SGNorth,sstRe,07,1991
8.14780139923096,SGSouth,sstRe,07,1991
7.79330015182495,SPEast,sstRe,07,1991
7.81733083724976,SPEnglishBay,sstRe,07,1991
7.90440559387207,SPReefPoint,sstRe,07,1991
9.04349327087402,SGNorth,sstRe,08,1991
8.69831085205078,SGSouth,sstRe,08,1991
9.02394580841064,SPEast,sstRe,08,1991
8.80593299865723,SPEnglishBay,sstRe,08,1991
8.91067314147949,SPReefPoint,sstRe,08,1991
8.48832607269287,SGNorth,sstRe,09,1991
8.28844833374023,SGSouth,sstRe,09,1991
8.80841732025147,SPEast,sstRe,09,1991
8.7923059463501,SPEnglishBay,sstRe,09,1991
8.7145414352417,SPReefPoint,sstRe,09,1991
6.82616090774536,SGNorth,sstRe,10,1991
6.84914064407349,SGSouth,sstRe,10,1991
6.32232093811035,SPEast,sstRe,10,1991
6.69196367263794,SPEnglishBay,sstRe,10,1991
6.80850124359131,SPReefPoint,sstRe,10,1991
5.90561866760254,SGNorth,sstRe,11,1991
5.81953096389771,SGSouth,sstRe,11,1991
5.19203758239746,SPEast,sstRe,11,1991
5.46950054168701,SPEnglishBay,sstRe,11,1991
5.6713137626648,SPReefPoint,sstRe,11,1991
7.37144565582275,SGNorth,sstRe,07,1992
7.43018770217896,SGSouth,sstRe,07,1992
6.31940507888794,SPEast,sstRe,07,1992
6.57134437561035,SPEnglishBay,sstRe,07,1992
6.85350179672241,SPReefPoint,sstRe,07,1992
8.96906280517578,SGNorth,sstRe,08,1992
8.70991516113281,SGSouth,sstRe,08,1992
8.57380867004395,SPEast,sstRe,08,1992
8.41264820098877,SPEnglishBay,sstRe,08,1992
8.57994842529297,SPReefPoint,sstRe,08,1992
8.26215267181397,SGNorth,sstRe,09,1992
8.23182964324951,SGSouth,sstRe,09,1992
7.46824073791504,SPEast,sstRe,09,1992
7.82173299789429,SPEnglishBay,sstRe,09,1992
8.02318382263184,SPReefPoint,sstRe,09,1992
6.53552293777466,SGNorth,sstRe,10,1992
6.67674779891968,SGSouth,sstRe,10,1992
5.63659238815308,SPEast,sstRe,10,1992
6.17060232162476,SPEnglishBay,sstRe,10,1992
6.30977392196655,SPReefPoint,sstRe,10,1992
5.17399454116821,SGNorth,sstRe,11,1992
5.46451711654663,SGSouth,sstRe,11,1992
3.87748241424561,SPEast,sstRe,11,1992
4.6017656326294,SPEnglishBay,sstRe,11,1992
4.83597373962402,SPReefPoint,sstRe,11,1992
7.68454599380493,SGNorth,sstRe,07,1993
7.45172357559204,SGSouth,sstRe,07,1993
6.77085781097412,SPEast,sstRe,07,1993
6.94451808929443,SPEnglishBay,sstRe,07,1993
7.21920013427734,SPReefPoint,sstRe,07,1993
9.86049556732178,SGNorth,sstRe,08,1993
9.71768569946289,SGSouth,sstRe,08,1993
9.75316715240479,SPEast,sstRe,08,1993
9.76362895965576,SPEnglishBay,sstRe,08,1993
9.89629364013672,SPReefPoint,sstRe,08,1993
9.07597732543945,SGNorth,sstRe,09,1993
8.90265560150147,SGSouth,sstRe,09,1993
8.33040523529053,SPEast,sstRe,09,1993
8.44271469116211,SPEnglishBay,sstRe,09,1993
8.74328994750977,SPReefPoint,sstRe,09,1993
7.07601118087769,SGNorth,sstRe,10,1993
7.148277759552,SGSouth,sstRe,10,1993
5.83070135116577,SPEast,sstRe,10,1993
6.23035860061646,SPEnglishBay,sstRe,10,1993
6.64658546447754,SPReefPoint,sstRe,10,1993
5.98096466064453,SGNorth,sstRe,11,1993
5.98697090148926,SGSouth,sstRe,11,1993
5.19086790084839,SPEast,sstRe,11,1993
5.3969464302063,SPEnglishBay,sstRe,11,1993
5.63495540618897,SPReefPoint,sstRe,11,1993
7.34486150741577,SGNorth,sstRe,07,1994
7.49653625488281,SGSouth,sstRe,07,1994
6.43452405929565,SPEast,sstRe,07,1994
6.78289222717285,SPEnglishBay,sstRe,07,1994
7.01515960693359,SPReefPoint,sstRe,07,1994
8.09249591827393,SGNorth,sstRe,08,1994
8.16785717010498,SGSouth,sstRe,08,1994
7.23893451690674,SPEast,sstRe,08,1994
7.5536994934082,SPEnglishBay,sstRe,08,1994
7.75439643859863,SPReefPoint,sstRe,08,1994
8.53056049346924,SGNorth,sstRe,09,1994
8.52672481536865,SGSouth,sstRe,09,1994
7.58826351165772,SPEast,sstRe,09,1994
8.06334590911865,SPEnglishBay,sstRe,09,1994
8.27212810516357,SPReefPoint,sstRe,09,1994
6.42441320419312,SGNorth,sstRe,10,1994
6.51146507263184,SGSouth,sstRe,10,1994
5.61859893798828,SPEast,sstRe,10,1994
6.01845550537109,SPEnglishBay,sstRe,10,1994
6.23087882995606,SPReefPoint,sstRe,10,1994
5.11567401885986,SGNorth,sstRe,11,1994
5.3147120475769,SGSouth,sstRe,11,1994
3.99781394004822,SPEast,sstRe,11,1994
4.616614818573,SPEnglishBay,sstRe,11,1994
4.87263345718384,SPReefPoint,sstRe,11,1994
7.93048334121704,SGNorth,sstRe,07,1995
7.77025032043457,SGSouth,sstRe,07,1995
6.76513051986694,SPEast,sstRe,07,1995
7.01516628265381,SPEnglishBay,sstRe,07,1995
7.35369253158569,SPReefPoint,sstRe,07,1995
9.58187389373779,SGNorth,sstRe,08,1995
9.44395732879639,SGSouth,sstRe,08,1995
8.99528408050537,SPEast,sstRe,08,1995
9.09444999694824,SPEnglishBay,sstRe,08,1995
9.31517791748047,SPReefPoint,sstRe,08,1995
9.48812294006348,SGNorth,sstRe,09,1995
9.28675174713135,SGSouth,sstRe,09,1995
9.39467334747314,SPEast,sstRe,09,1995
9.35265350341797,SPEnglishBay,sstRe,09,1995
9.42337608337402,SPReefPoint,sstRe,09,1995
6.83140659332275,SGNorth,sstRe,10,1995
7.17343378067017,SGSouth,sstRe,10,1995
5.73133325576782,SPEast,sstRe,10,1995
6.55873584747315,SPEnglishBay,sstRe,10,1995
6.67314004898071,SPReefPoint,sstRe,10,1995
4.91287708282471,SGNorth,sstRe,11,1995
5.32513809204102,SGSouth,sstRe,11,1995
3.68532943725586,SPEast,sstRe,11,1995
4.41649150848389,SPEnglishBay,sstRe,11,1995
4.67050552368164,SPReefPoint,sstRe,11,1995
7.98517417907715,SGNorth,sstRe,07,1996
8.18546676635742,SGSouth,sstRe,07,1996
7.10192489624023,SPEast,sstRe,07,1996
7.82543706893921,SPEnglishBay,sstRe,07,1996
8.00211906433106,SPReefPoint,sstRe,07,1996
9.0402135848999,SGNorth,sstRe,08,1996
9.19125175476074,SGSouth,sstRe,08,1996
8.68349933624268,SPEast,sstRe,08,1996
9.01571655273438,SPEnglishBay,sstRe,08,1996
9.07893371582031,SPReefPoint,sstRe,08,1996
8.7769021987915,SGNorth,sstRe,09,1996
8.92679309844971,SGSouth,sstRe,09,1996
8.19213199615479,SPEast,sstRe,09,1996
8.85832595825195,SPEnglishBay,sstRe,09,1996
8.93548965454102,SPReefPoint,sstRe,09,1996
7.02976369857788,SGNorth,sstRe,10,1996
7.11913013458252,SGSouth,sstRe,10,1996
6.32918882369995,SPEast,sstRe,10,1996
6.97824716567993,SPEnglishBay,sstRe,10,1996
7.07717132568359,SPReefPoint,sstRe,10,1996
6.16230821609497,SGNorth,sstRe,11,1996
6.21206474304199,SGSouth,sstRe,11,1996
5.16608047485352,SPEast,sstRe,11,1996
5.62853479385376,SPEnglishBay,sstRe,11,1996
5.88261890411377,SPReefPoint,sstRe,11,1996
8.77801418304443,SGNorth,sstRe,07,1997
8.47987651824951,SGSouth,sstRe,07,1997
7.78738260269165,SPEast,sstRe,07,1997
8.05068874359131,SPEnglishBay,sstRe,07,1997
8.35137271881104,SPReefPoint,sstRe,07,1997
10.4052400588989,SGNorth,sstRe,08,1997
9.92117977142334,SGSouth,sstRe,08,1997
9.95340919494629,SPEast,sstRe,08,1997
9.80752754211426,SPEnglishBay,sstRe,08,1997
10.0345277786255,SPReefPoint,sstRe,08,1997
9.17920017242432,SGNorth,sstRe,09,1997
9.2835807800293,SGSouth,sstRe,09,1997
8.67263221740723,SPEast,sstRe,09,1997
9.07530307769775,SPEnglishBay,sstRe,09,1997
9.1176290512085,SPReefPoint,sstRe,09,1997
7.54412031173706,SGNorth,sstRe,10,1997
7.65041542053223,SGSouth,sstRe,10,1997
6.77917385101318,SPEast,sstRe,10,1997
7.33217811584473,SPEnglishBay,sstRe,10,1997
7.44481992721558,SPReefPoint,sstRe,10,1997
5.49347496032715,SGNorth,sstRe,11,1997
5.69031429290772,SGSouth,sstRe,11,1997
4.07053232192993,SPEast,sstRe,11,1997
4.85468196868897,SPEnglishBay,sstRe,11,1997
5.07984066009522,SPReefPoint,sstRe,11,1997
8.82982635498047,SGNorth,sstRe,07,1998
8.6549596786499,SGSouth,sstRe,07,1998
7.84459257125855,SPEast,sstRe,07,1998
7.6030216217041,SPEnglishBay,sstRe,07,1998
8.11874103546143,SPReefPoint,sstRe,07,1998
10.2198028564453,SGNorth,sstRe,08,1998
10.1785430908203,SGSouth,sstRe,08,1998
9.19594669342041,SPEast,sstRe,08,1998
9.35860633850098,SPEnglishBay,sstRe,08,1998
9.76504611968994,SPReefPoint,sstRe,08,1998
7.83121013641357,SGNorth,sstRe,09,1998
8.02128314971924,SGSouth,sstRe,09,1998
7.0449800491333,SPEast,sstRe,09,1998
7.44330978393555,SPEnglishBay,sstRe,09,1998
7.64048337936401,SPReefPoint,sstRe,09,1998
6.60156345367432,SGNorth,sstRe,10,1998
6.82442951202393,SGSouth,sstRe,10,1998
5.63210916519165,SPEast,sstRe,10,1998
6.15211820602417,SPEnglishBay,sstRe,10,1998
6.37211990356445,SPReefPoint,sstRe,10,1998
5.52468395233154,SGNorth,sstRe,11,1998
5.58155155181885,SGSouth,sstRe,11,1998
4.28617572784424,SPEast,sstRe,11,1998
4.61690092086792,SPEnglishBay,sstRe,11,1998
5.02709007263184,SPReefPoint,sstRe,11,1998
7.99446439743042,SGNorth,sstRe,07,1999
7.92147827148438,SGSouth,sstRe,07,1999
7.09105777740479,SPEast,sstRe,07,1999
7.06757783889771,SPEnglishBay,sstRe,07,1999
7.51124858856201,SPReefPoint,sstRe,07,1999
8.06861114501953,SGNorth,sstRe,08,1999
8.02562427520752,SGSouth,sstRe,08,1999
7.30488920211792,SPEast,sstRe,08,1999
7.6500415802002,SPEnglishBay,sstRe,08,1999
7.81205606460571,SPReefPoint,sstRe,08,1999
8.18509483337402,SGNorth,sstRe,09,1999
8.37199687957764,SGSouth,sstRe,09,1999
7.28625917434692,SPEast,sstRe,09,1999
7.8138632774353,SPEnglishBay,sstRe,09,1999
8.01179599761963,SPReefPoint,sstRe,09,1999
6.93581199645996,SGNorth,sstRe,10,1999
7.11679410934448,SGSouth,sstRe,10,1999
5.85324144363403,SPEast,sstRe,10,1999
6.47670698165894,SPEnglishBay,sstRe,10,1999
6.73801279067993,SPReefPoint,sstRe,10,1999
4.82161617279053,SGNorth,sstRe,11,1999
5.23365163803101,SGSouth,sstRe,11,1999
3.07574486732483,SPEast,sstRe,11,1999
3.83030462265015,SPEnglishBay,sstRe,11,1999
4.2487998008728,SPReefPoint,sstRe,11,1999
7.67275762557983,SGNorth,sstRe,07,2000
7.6586012840271,SGSouth,sstRe,07,2000
7.32941484451294,SPEast,sstRe,07,2000
7.59918689727783,SPEnglishBay,sstRe,07,2000
7.55307722091675,SPReefPoint,sstRe,07,2000
8.669189453125,SGNorth,sstRe,08,2000
8.87706470489502,SGSouth,sstRe,08,2000
8.46674633026123,SPEast,sstRe,08,2000
8.93568420410156,SPEnglishBay,sstRe,08,2000
8.83332347869873,SPReefPoint,sstRe,08,2000
8.20003986358643,SGNorth,sstRe,09,2000
8.42540168762207,SGSouth,sstRe,09,2000
7.3197832107544,SPEast,sstRe,09,2000
7.65728425979614,SPEnglishBay,sstRe,09,2000
7.93270587921143,SPReefPoint,sstRe,09,2000
6.84268379211426,SGNorth,sstRe,10,2000
6.99161624908447,SGSouth,sstRe,10,2000
6.16210746765137,SPEast,sstRe,10,2000
6.66054916381836,SPEnglishBay,sstRe,10,2000
6.79189300537109,SPReefPoint,sstRe,10,2000
5.8843240737915,SGNorth,sstRe,11,2000
5.82518529891968,SGSouth,sstRe,11,2000
5.33080387115479,SPEast,sstRe,11,2000
5.38049030303955,SPEnglishBay,sstRe,11,2000
5.58015394210815,SPReefPoint,sstRe,11,2000
8.60685157775879,SGNorth,sstRe,07,2001
8.77308464050293,SGSouth,sstRe,07,2001
7.52016925811768,SPEast,sstRe,07,2001
7.60993671417236,SPEnglishBay,sstRe,07,2001
8.01504325866699,SPReefPoint,sstRe,07,2001
9.9612340927124,SGNorth,sstRe,08,2001
9.80105590820312,SGSouth,sstRe,08,2001
8.9914026260376,SPEast,sstRe,08,2001
8.97910022735596,SPEnglishBay,sstRe,08,2001
9.35490703582764,SPReefPoint,sstRe,08,2001
8.90158462524414,SGNorth,sstRe,09,2001
8.88899421691895,SGSouth,sstRe,09,2001
8.11147499084473,SPEast,sstRe,09,2001
8.37550449371338,SPEnglishBay,sstRe,09,2001
8.63730430603027,SPReefPoint,sstRe,09,2001
7.16299486160278,SGNorth,sstRe,10,2001
7.16836166381836,SGSouth,sstRe,10,2001
5.94741535186768,SPEast,sstRe,10,2001
6.34314060211182,SPEnglishBay,sstRe,10,2001
6.70576000213623,SPReefPoint,sstRe,10,2001
5.6213436126709,SGNorth,sstRe,11,2001
5.65774154663086,SGSouth,sstRe,11,2001
4.37886524200439,SPEast,sstRe,11,2001
4.7806453704834,SPEnglishBay,sstRe,11,2001
5.18705177307129,SPReefPoint,sstRe,11,2001
8.69443511962891,SGNorth,sstRe,07,2002
8.28171920776367,SGSouth,sstRe,07,2002
8.11499500274658,SPEast,sstRe,07,2002
8.111328125,SPEnglishBay,sstRe,07,2002
8.28868198394775,SPReefPoint,sstRe,07,2002
10.2194204330444,SGNorth,sstRe,08,2002
9.62361240386963,SGSouth,sstRe,08,2002
10.1746673583984,SPEast,sstRe,08,2002
9.89184093475342,SPEnglishBay,sstRe,08,2002
10.0432662963867,SPReefPoint,sstRe,08,2002
8.87892723083496,SGNorth,sstRe,09,2002
8.65405941009522,SGSouth,sstRe,09,2002
8.87439727783203,SPEast,sstRe,09,2002
9.00325012207031,SPEnglishBay,sstRe,09,2002
8.94125747680664,SPReefPoint,sstRe,09,2002
7.24389410018921,SGNorth,sstRe,10,2002
7.17569780349731,SGSouth,sstRe,10,2002
6.69427490234375,SPEast,sstRe,10,2002
6.94994735717773,SPEnglishBay,sstRe,10,2002
7.04959154129028,SPReefPoint,sstRe,10,2002
5.7484769821167,SGNorth,sstRe,11,2002
5.55817031860352,SGSouth,sstRe,11,2002
4.91666460037231,SPEast,sstRe,11,2002
4.99159955978394,SPEnglishBay,sstRe,11,2002
5.30094242095947,SPReefPoint,sstRe,11,2002
9.33798217773438,SGNorth,sstRe,07,2003
9.15634250640869,SGSouth,sstRe,07,2003
9.16394519805908,SPEast,sstRe,07,2003
9.10145378112793,SPEnglishBay,sstRe,07,2003
9.19898891448975,SPReefPoint,sstRe,07,2003
10.5344018936157,SGNorth,sstRe,08,2003
10.1622877120972,SGSouth,sstRe,08,2003
10.2972183227539,SPEast,sstRe,08,2003
10.1237535476685,SPEnglishBay,sstRe,08,2003
10.2894983291626,SPReefPoint,sstRe,08,2003
10.3369770050049,SGNorth,sstRe,09,2003
9.83675479888916,SGSouth,sstRe,09,2003
10.6056308746338,SPEast,sstRe,09,2003
10.1855907440186,SPEnglishBay,sstRe,09,2003
10.2340450286865,SPReefPoint,sstRe,09,2003
8.08276462554932,SGNorth,sstRe,10,2003
7.82514715194702,SGSouth,sstRe,10,2003
7.66715288162231,SPEast,sstRe,10,2003
7.72359991073608,SPEnglishBay,sstRe,10,2003
7.82539319992065,SPReefPoint,sstRe,10,2003
6.54064178466797,SGNorth,sstRe,11,2003
6.34821939468384,SGSouth,sstRe,11,2003
5.9265284538269,SPEast,sstRe,11,2003
6.00965118408203,SPEnglishBay,sstRe,11,2003
6.16485548019409,SPReefPoint,sstRe,11,2003
9.89610004425049,SGNorth,sstRe,07,2004
9.33297634124756,SGSouth,sstRe,07,2004
9.41587448120117,SPEast,sstRe,07,2004
9.06973266601562,SPEnglishBay,sstRe,07,2004
9.35502338409424,SPReefPoint,sstRe,07,2004
10.2957906723022,SGNorth,sstRe,08,2004
9.78886604309082,SGSouth,sstRe,08,2004
10.5216035842896,SPEast,sstRe,08,2004
10.1126670837402,SPEnglishBay,sstRe,08,2004
10.0603313446045,SPReefPoint,sstRe,08,2004
9.64711570739746,SGNorth,sstRe,09,2004
9.14255142211914,SGSouth,sstRe,09,2004
9.8703145980835,SPEast,sstRe,09,2004
9.44082927703857,SPEnglishBay,sstRe,09,2004
9.50065040588379,SPReefPoint,sstRe,09,2004
7.24260854721069,SGNorth,sstRe,10,2004
7.135986328125,SGSouth,sstRe,10,2004
6.69012403488159,SPEast,sstRe,10,2004
6.78927230834961,SPEnglishBay,sstRe,10,2004
6.92345285415649,SPReefPoint,sstRe,10,2004
5.12955284118652,SGNorth,sstRe,11,2004
5.26836442947388,SGSouth,sstRe,11,2004
4.01598834991455,SPEast,sstRe,11,2004
4.35418272018433,SPEnglishBay,sstRe,11,2004
4.6816782951355,SPReefPoint,sstRe,11,2004
10.0843620300293,SGNorth,sstRe,07,2005
9.58170127868652,SGSouth,sstRe,07,2005
9.32275581359863,SPEast,sstRe,07,2005
9.26398277282715,SPEnglishBay,sstRe,07,2005
9.50265312194824,SPReefPoint,sstRe,07,2005
10.211742401123,SGNorth,sstRe,08,2005
9.73896598815918,SGSouth,sstRe,08,2005
9.91541862487793,SPEast,sstRe,08,2005
9.71937465667725,SPEnglishBay,sstRe,08,2005
9.862060546875,SPReefPoint,sstRe,08,2005
9.11656951904297,SGNorth,sstRe,09,2005
9.08950901031494,SGSouth,sstRe,09,2005
8.69256210327148,SPEast,sstRe,09,2005
9.10846424102783,SPEnglishBay,sstRe,09,2005
9.16162490844727,SPReefPoint,sstRe,09,2005
7.52552795410156,SGNorth,sstRe,10,2005
7.72523832321167,SGSouth,sstRe,10,2005
6.45276641845703,SPEast,sstRe,10,2005
7.01371240615845,SPEnglishBay,sstRe,10,2005
7.2387261390686,SPReefPoint,sstRe,10,2005
5.65208148956299,SGNorth,sstRe,11,2005
5.80534601211548,SGSouth,sstRe,11,2005
4.44083499908447,SPEast,sstRe,11,2005
5.09221839904785,SPEnglishBay,sstRe,11,2005
5.39137315750122,SPReefPoint,sstRe,11,2005
8.58512687683106,SGNorth,sstRe,07,2006
8.62353134155273,SGSouth,sstRe,07,2006
7.84074020385742,SPEast,sstRe,07,2006
7.98045539855957,SPEnglishBay,sstRe,07,2006
8.17237758636475,SPReefPoint,sstRe,07,2006
8.65937423706055,SGNorth,sstRe,08,2006
8.68544769287109,SGSouth,sstRe,08,2006
8.16257476806641,SPEast,sstRe,08,2006
8.55738925933838,SPEnglishBay,sstRe,08,2006
8.64751625061035,SPReefPoint,sstRe,08,2006
8.70327091217041,SGNorth,sstRe,09,2006
8.5601282119751,SGSouth,sstRe,09,2006
8.09410572052002,SPEast,sstRe,09,2006
8.38824844360352,SPEnglishBay,sstRe,09,2006
8.56893444061279,SPReefPoint,sstRe,09,2006
7.05339860916138,SGNorth,sstRe,10,2006
7.25639152526856,SGSouth,sstRe,10,2006
5.94059419631958,SPEast,sstRe,10,2006
6.79460859298706,SPEnglishBay,sstRe,10,2006
6.99448156356812,SPReefPoint,sstRe,10,2006
5.1247706413269,SGNorth,sstRe,11,2006
5.46724128723145,SGSouth,sstRe,11,2006
3.51582479476929,SPEast,sstRe,11,2006
4.58421468734741,SPEnglishBay,sstRe,11,2006
4.90944623947144,SPReefPoint,sstRe,11,2006
8.23044013977051,SGNorth,sstRe,07,2007
8.30701637268066,SGSouth,sstRe,07,2007
7.24644708633423,SPEast,sstRe,07,2007
7.53646516799927,SPEnglishBay,sstRe,07,2007
7.84523057937622,SPReefPoint,sstRe,07,2007
9.83003044128418,SGNorth,sstRe,08,2007
9.70028591156006,SGSouth,sstRe,08,2007
8.98263835906982,SPEast,sstRe,08,2007
9.09066104888916,SPEnglishBay,sstRe,08,2007
9.36587619781494,SPReefPoint,sstRe,08,2007
8.19145202636719,SGNorth,sstRe,09,2007
8.30796527862549,SGSouth,sstRe,09,2007
7.61069297790527,SPEast,sstRe,09,2007
8.29853439331055,SPEnglishBay,sstRe,09,2007
8.25809192657471,SPReefPoint,sstRe,09,2007
6.18603992462158,SGNorth,sstRe,10,2007
6.62456178665161,SGSouth,sstRe,10,2007
4.94921064376831,SPEast,sstRe,10,2007
5.77503442764282,SPEnglishBay,sstRe,10,2007
5.89322328567505,SPReefPoint,sstRe,10,2007
4.5941915512085,SGNorth,sstRe,11,2007
5.05249357223511,SGSouth,sstRe,11,2007
3.12944459915161,SPEast,sstRe,11,2007
4.01894950866699,SPEnglishBay,sstRe,11,2007
4.26551198959351,SPReefPoint,sstRe,11,2007
7.02757024765015,SGNorth,sstRe,07,2008
7.34580802917481,SGSouth,sstRe,07,2008
5.7860164642334,SPEast,sstRe,07,2008
6.7122392654419,SPEnglishBay,sstRe,07,2008
6.88387155532837,SPReefPoint,sstRe,07,2008
8.88420295715332,SGNorth,sstRe,08,2008
8.93721008300781,SGSouth,sstRe,08,2008
8.38768196105957,SPEast,sstRe,08,2008
9.11398887634277,SPEnglishBay,sstRe,08,2008
9.1222095489502,SPReefPoint,sstRe,08,2008
8.50541019439697,SGNorth,sstRe,09,2008
8.31220436096191,SGSouth,sstRe,09,2008
7.86544370651245,SPEast,sstRe,09,2008
8.51576614379883,SPEnglishBay,sstRe,09,2008
8.61329460144043,SPReefPoint,sstRe,09,2008
6.97054433822632,SGNorth,sstRe,10,2008
7.04750204086304,SGSouth,sstRe,10,2008
5.4024920463562,SPEast,sstRe,10,2008
6.24558115005493,SPEnglishBay,sstRe,10,2008
6.62214279174805,SPReefPoint,sstRe,10,2008
4.96824359893799,SGNorth,sstRe,11,2008
5.2479681968689,SGSouth,sstRe,11,2008
3.20406579971314,SPEast,sstRe,11,2008
4.19746446609497,SPEnglishBay,sstRe,11,2008
4.54820394515991,SPReefPoint,sstRe,11,2008
7.22638177871704,SGNorth,sstRe,07,2009
7.08466148376465,SGSouth,sstRe,07,2009
6.16384124755859,SPEast,sstRe,07,2009
6.72742748260498,SPEnglishBay,sstRe,07,2009
6.95742225646973,SPReefPoint,sstRe,07,2009
8.73509311676025,SGNorth,sstRe,08,2009
8.52821350097656,SGSouth,sstRe,08,2009
8.56286430358887,SPEast,sstRe,08,2009
8.65925312042236,SPEnglishBay,sstRe,08,2009
8.68629932403565,SPReefPoint,sstRe,08,2009
7.71300649642944,SGNorth,sstRe,09,2009
7.5386381149292,SGSouth,sstRe,09,2009
7.56189441680908,SPEast,sstRe,09,2009
7.78691673278809,SPEnglishBay,sstRe,09,2009
7.76012134552002,SPReefPoint,sstRe,09,2009
6.47751379013062,SGNorth,sstRe,10,2009
6.64522123336792,SGSouth,sstRe,10,2009
5.70174026489258,SPEast,sstRe,10,2009
6.43541288375855,SPEnglishBay,sstRe,10,2009
6.4472599029541,SPReefPoint,sstRe,10,2009
4.29105949401855,SGNorth,sstRe,11,2009
4.81232976913452,SGSouth,sstRe,11,2009
3.07011246681213,SPEast,sstRe,11,2009
4.0450234413147,SPEnglishBay,sstRe,11,2009
4.13685941696167,SPReefPoint,sstRe,11,2009
7.5131573677063,SGNorth,sstRe,07,2010
7.50342035293579,SGSouth,sstRe,07,2010
7.16910314559937,SPEast,sstRe,07,2010
7.39821720123291,SPEnglishBay,sstRe,07,2010
7.37747573852539,SPReefPoint,sstRe,07,2010
8.75718498229981,SGNorth,sstRe,08,2010
8.81138515472412,SGSouth,sstRe,08,2010
8.33625030517578,SPEast,sstRe,08,2010
8.93543338775635,SPEnglishBay,sstRe,08,2010
8.87527275085449,SPReefPoint,sstRe,08,2010
8.89935970306397,SGNorth,sstRe,09,2010
9.05725479125977,SGSouth,sstRe,09,2010
7.86370897293091,SPEast,sstRe,09,2010
8.45864295959473,SPEnglishBay,sstRe,09,2010
8.68602085113525,SPReefPoint,sstRe,09,2010
6.48230981826782,SGNorth,sstRe,10,2010
6.77346754074097,SGSouth,sstRe,10,2010
5.508864402771,SPEast,sstRe,10,2010
6.27140331268311,SPEnglishBay,sstRe,10,2010
6.35491514205933,SPReefPoint,sstRe,10,2010
5.30644607543945,SGNorth,sstRe,11,2010
5.49499177932739,SGSouth,sstRe,11,2010
3.92907166481018,SPEast,sstRe,11,2010
4.69798755645752,SPEnglishBay,sstRe,11,2010
4.94689655303955,SPReefPoint,sstRe,11,2010
6.96949052810669,SGNorth,sstRe,07,2011
7.11649227142334,SGSouth,sstRe,07,2011
5.63707590103149,SPEast,sstRe,07,2011
6.33945322036743,SPEnglishBay,sstRe,07,2011
6.5887451171875,SPReefPoint,sstRe,07,2011
9.55881690979004,SGNorth,sstRe,08,2011
9.66676044464111,SGSouth,sstRe,08,2011
8.38600063323975,SPEast,sstRe,08,2011
9.03850936889648,SPEnglishBay,sstRe,08,2011
9.34119606018066,SPReefPoint,sstRe,08,2011
8.06297111511231,SGNorth,sstRe,09,2011
8.22984504699707,SGSouth,sstRe,09,2011
6.84992837905884,SPEast,sstRe,09,2011
7.83373928070068,SPEnglishBay,sstRe,09,2011
8.03415775299072,SPReefPoint,sstRe,09,2011
6.83170127868652,SGNorth,sstRe,10,2011
7.09968662261963,SGSouth,sstRe,10,2011
5.8245267868042,SPEast,sstRe,10,2011
6.65399074554443,SPEnglishBay,sstRe,10,2011
6.84157991409302,SPReefPoint,sstRe,10,2011
4.79829931259155,SGNorth,sstRe,11,2011
5.15447521209717,SGSouth,sstRe,11,2011
3.39430809020996,SPEast,sstRe,11,2011
4.20202398300171,SPEnglishBay,sstRe,11,2011
4.51183366775513,SPReefPoint,sstRe,11,2011
7.05128002166748,SGNorth,sstRe,07,2012
7.10924625396729,SGSouth,sstRe,07,2012
6.53860712051392,SPEast,sstRe,07,2012
6.79241895675659,SPEnglishBay,sstRe,07,2012
6.89410066604614,SPReefPoint,sstRe,07,2012
8.30978965759277,SGNorth,sstRe,08,2012
8.27908992767334,SGSouth,sstRe,08,2012
8.14512920379639,SPEast,sstRe,08,2012
8.28435897827148,SPEnglishBay,sstRe,08,2012
8.33682250976563,SPReefPoint,sstRe,08,2012
7.33896684646606,SGNorth,sstRe,09,2012
7.55148363113403,SGSouth,sstRe,09,2012
6.38097095489502,SPEast,sstRe,09,2012
7.13815021514893,SPEnglishBay,sstRe,09,2012
7.28903102874756,SPReefPoint,sstRe,09,2012
6.08087205886841,SGNorth,sstRe,10,2012
6.37010192871094,SGSouth,sstRe,10,2012
4.55230045318604,SPEast,sstRe,10,2012
5.4263505935669,SPEnglishBay,sstRe,10,2012
5.736243724823,SPReefPoint,sstRe,10,2012
4.11012887954712,SGNorth,sstRe,11,2012
4.77295303344727,SGSouth,sstRe,11,2012
2.51915168762207,SPEast,sstRe,11,2012
3.71010112762451,SPEnglishBay,sstRe,11,2012
3.87552738189697,SPReefPoint,sstRe,11,2012
8.0725212097168,SGNorth,sstRe,07,2013
8.14011859893799,SGSouth,sstRe,07,2013
7.11502408981323,SPEast,sstRe,07,2013
7.40310907363892,SPEnglishBay,sstRe,07,2013
7.62813091278076,SPReefPoint,sstRe,07,2013
9.72757816314697,SGNorth,sstRe,08,2013
9.62798976898193,SGSouth,sstRe,08,2013
9.10506916046143,SPEast,sstRe,08,2013
9.59687900543213,SPEnglishBay,sstRe,08,2013
9.67421436309814,SPReefPoint,sstRe,08,2013
8.89759063720703,SGNorth,sstRe,09,2013
8.95306587219238,SGSouth,sstRe,09,2013
8.21105670928955,SPEast,sstRe,09,2013
8.80514240264893,SPEnglishBay,sstRe,09,2013
8.94395732879639,SPReefPoint,sstRe,09,2013
7.08712148666382,SGNorth,sstRe,10,2013
7.30681896209717,SGSouth,sstRe,10,2013
6.07010889053345,SPEast,sstRe,10,2013
6.98870611190796,SPEnglishBay,sstRe,10,2013
7.09960222244263,SPReefPoint,sstRe,10,2013
5.48652935028076,SGNorth,sstRe,11,2013
5.7232027053833,SGSouth,sstRe,11,2013
4.07240295410156,SPEast,sstRe,11,2013
4.91557741165161,SPEnglishBay,sstRe,11,2013
5.16703987121582,SPReefPoint,sstRe,11,2013
10.5117130279541,SGNorth,sstRe,07,2014
9.93486976623535,SGSouth,sstRe,07,2014
9.52422714233398,SPEast,sstRe,07,2014
9.28710556030273,SPEnglishBay,sstRe,07,2014
9.74727916717529,SPReefPoint,sstRe,07,2014
12.0598764419556,SGNorth,sstRe,08,2014
11.4511299133301,SGSouth,sstRe,08,2014
11.9833383560181,SPEast,sstRe,08,2014
11.5516595840454,SPEnglishBay,sstRe,08,2014
11.6957683563232,SPReefPoint,sstRe,08,2014
11.0593004226685,SGNorth,sstRe,09,2014
10.7963924407959,SGSouth,sstRe,09,2014
11.0630121231079,SPEast,sstRe,09,2014
11.0311584472656,SPEnglishBay,sstRe,09,2014
11.0779724121094,SPReefPoint,sstRe,09,2014
7.8292407989502,SGNorth,sstRe,10,2014
7.7747745513916,SGSouth,sstRe,10,2014
7.05308866500855,SPEast,sstRe,10,2014
7.59305620193481,SPEnglishBay,sstRe,10,2014
7.66144895553589,SPReefPoint,sstRe,10,2014
6.11170959472656,SGNorth,sstRe,11,2014
6.16818523406982,SGSouth,sstRe,11,2014
5.0290961265564,SPEast,sstRe,11,2014
5.47768020629883,SPEnglishBay,sstRe,11,2014
5.68869924545288,SPReefPoint,sstRe,11,2014
9.30213165283203,SGNorth,sstRe,07,2015
9.0028772354126,SGSouth,sstRe,07,2015
7.91386890411377,SPEast,sstRe,07,2015
7.99940013885498,SPEnglishBay,sstRe,07,2015
8.64500522613525,SPReefPoint,sstRe,07,2015
10.8305807113647,SGNorth,sstRe,08,2015
10.5215892791748,SGSouth,sstRe,08,2015
10.2498025894165,SPEast,sstRe,08,2015
9.96268272399902,SPEnglishBay,sstRe,08,2015
10.3686475753784,SPReefPoint,sstRe,08,2015
10.1798715591431,SGNorth,sstRe,09,2015
10.2519779205322,SGSouth,sstRe,09,2015
9.12639617919922,SPEast,sstRe,09,2015
9.66569232940674,SPEnglishBay,sstRe,09,2015
9.913010597229,SPReefPoint,sstRe,09,2015
8.23696994781494,SGNorth,sstRe,10,2015
8.47031497955322,SGSouth,sstRe,10,2015
6.69864845275879,SPEast,sstRe,10,2015
7.48437643051148,SPEnglishBay,sstRe,10,2015
7.89699268341065,SPReefPoint,sstRe,10,2015
6.41160249710083,SGNorth,sstRe,11,2015
6.50616979598999,SGSouth,sstRe,11,2015
5.10889339447022,SPEast,sstRe,11,2015
5.50755548477173,SPEnglishBay,sstRe,11,2015
5.98413753509522,SPReefPoint,sstRe,11,2015
11.0215454101563,SGNorth,sstRe,07,2016
10.261510848999,SGSouth,sstRe,07,2016
11.6482353210449,SPEast,sstRe,07,2016
10.65052318573,SPEnglishBay,sstRe,07,2016
10.7017297744751,SPReefPoint,sstRe,07,2016
12.0229387283325,SGNorth,sstRe,08,2016
11.5229253768921,SGSouth,sstRe,08,2016
11.6747331619263,SPEast,sstRe,08,2016
11.4604501724243,SPEnglishBay,sstRe,08,2016
11.6550807952881,SPReefPoint,sstRe,08,2016
11.3326425552368,SGNorth,sstRe,09,2016
10.9716119766235,SGSouth,sstRe,09,2016
10.4736595153809,SPEast,sstRe,09,2016
10.3808794021606,SPEnglishBay,sstRe,09,2016
10.7458305358887,SPReefPoint,sstRe,09,2016
9.01550483703613,SGNorth,sstRe,10,2016
8.8039665222168,SGSouth,sstRe,10,2016
8.38182544708252,SPEast,sstRe,10,2016
8.42732048034668,SPEnglishBay,sstRe,10,2016
8.61379051208496,SPReefPoint,sstRe,10,2016
6.81664323806763,SGNorth,sstRe,11,2016
6.52317571640015,SGSouth,sstRe,11,2016
6.28971433639526,SPEast,sstRe,11,2016
6.23978185653687,SPEnglishBay,sstRe,11,2016
6.47613334655762,SPReefPoint,sstRe,11,2016
8.60024070739746,SGNorth,sstRe,07,2017
8.3003625869751,SGSouth,sstRe,07,2017
8.36231803894043,SPEast,sstRe,07,2017
8.50570201873779,SPEnglishBay,sstRe,07,2017
8.57302379608154,SPReefPoint,sstRe,07,2017
10.4001903533936,SGNorth,sstRe,08,2017
10.1585216522217,SGSouth,sstRe,08,2017
10.2760715484619,SPEast,sstRe,08,2017
10.361216545105,SPEnglishBay,sstRe,08,2017
10.4142370223999,SPReefPoint,sstRe,08,2017
8.90961265563965,SGNorth,sstRe,09,2017
8.96085262298584,SGSouth,sstRe,09,2017
8.41026306152344,SPEast,sstRe,09,2017
9.11035633087158,SPEnglishBay,sstRe,09,2017
9.07661724090576,SPReefPoint,sstRe,09,2017
7.37534141540527,SGNorth,sstRe,10,2017
7.57517528533936,SGSouth,sstRe,10,2017
6.29962348937988,SPEast,sstRe,10,2017
7.10650491714478,SPEnglishBay,sstRe,10,2017
7.19651412963867,SPReefPoint,sstRe,10,2017
6.11037921905518,SGNorth,sstRe,11,2017
6.52841281890869,SGSouth,sstRe,11,2017
4.8676643371582,SPEast,sstRe,11,2017
5.65658760070801,SPEnglishBay,sstRe,11,2017
5.88120412826538,SPReefPoint,sstRe,11,2017
8.98571109771729,SGNorth,sstRe,07,2018
8.53328323364258,SGSouth,sstRe,07,2018
8.53559112548828,SPEast,sstRe,07,2018
8.0902099609375,SPEnglishBay,sstRe,07,2018
8.37620353698731,SPReefPoint,sstRe,07,2018
9.66513061523438,SGNorth,sstRe,08,2018
9.31436157226562,SGSouth,sstRe,08,2018
9.49432277679443,SPEast,sstRe,08,2018
9.5265417098999,SPEnglishBay,sstRe,08,2018
9.57577610015869,SPReefPoint,sstRe,08,2018
10.1367197036743,SGNorth,sstRe,09,2018
9.94418048858643,SGSouth,sstRe,09,2018
9.7208309173584,SPEast,sstRe,09,2018
9.82077217102051,SPEnglishBay,sstRe,09,2018
9.9426908493042,SPReefPoint,sstRe,09,2018
8.68267917633057,SGNorth,sstRe,10,2018
8.55811882019043,SGSouth,sstRe,10,2018
8.10118293762207,SPEast,sstRe,10,2018
8.33819770812988,SPEnglishBay,sstRe,10,2018
8.50342178344727,SPReefPoint,sstRe,10,2018
6.67505979537964,SGNorth,sstRe,11,2018
6.54857444763184,SGSouth,sstRe,11,2018
5.54568386077881,SPEast,sstRe,11,2018
5.73965358734131,SPEnglishBay,sstRe,11,2018
6.14917182922363,SPReefPoint,sstRe,11,2018
10.7415266036987,SGNorth,sstRe,07,2019
9.97898769378662,SGSouth,sstRe,07,2019
10.8193321228027,SPEast,sstRe,07,2019
9.80152606964111,SPEnglishBay,sstRe,07,2019
10.1543045043945,SPReefPoint,sstRe,07,2019
12.0069103240967,SGNorth,sstRe,08,2019
11.5515241622925,SGSouth,sstRe,08,2019
11.4115505218506,SPEast,sstRe,08,2019
11.1013669967651,SPEnglishBay,sstRe,08,2019
11.4577503204346,SPReefPoint,sstRe,08,2019
10.6453714370728,SGNorth,sstRe,09,2019
10.2217206954956,SGSouth,sstRe,09,2019
10.3800830841064,SPEast,sstRe,09,2019
10.2176856994629,SPEnglishBay,sstRe,09,2019
10.3918323516846,SPReefPoint,sstRe,09,2019
8.73820209503174,SGNorth,sstRe,10,2019
8.7265043258667,SGSouth,sstRe,10,2019
7.81706237792969,SPEast,sstRe,10,2019
7.9260721206665,SPEnglishBay,sstRe,10,2019
8.24221801757813,SPReefPoint,sstRe,10,2019
6.61812591552734,SGNorth,sstRe,11,2019
6.73345184326172,SGSouth,sstRe,11,2019
5.50686597824097,SPEast,sstRe,11,2019
5.78878498077393,SPEnglishBay,sstRe,11,2019
6.15634870529175,SPReefPoint,sstRe,11,2019
9.97459602355957,SGNorth,sstRe,07,2020
9.54754829406738,SGSouth,sstRe,07,2020
9.08258533477783,SPEast,sstRe,07,2020
9.16445827484131,SPEnglishBay,sstRe,07,2020
9.49162101745605,SPReefPoint,sstRe,07,2020
11.0251321792603,SGNorth,sstRe,08,2020
10.4374103546143,SGSouth,sstRe,08,2020
10.8176488876343,SPEast,sstRe,08,2020
10.4933862686157,SPEnglishBay,sstRe,08,2020
10.6567268371582,SPReefPoint,sstRe,08,2020
9.61518001556396,SGNorth,sstRe,09,2020
9.4325532913208,SGSouth,sstRe,09,2020
9.36527824401855,SPEast,sstRe,09,2020
9.48803234100342,SPEnglishBay,sstRe,09,2020
9.58100509643555,SPReefPoint,sstRe,09,2020
7.55627298355103,SGNorth,sstRe,10,2020
7.69086790084839,SGSouth,sstRe,10,2020
6.82806921005249,SPEast,sstRe,10,2020
7.47119951248169,SPEnglishBay,sstRe,10,2020
7.53865575790405,SPReefPoint,sstRe,10,2020
5.79053640365601,SGNorth,sstRe,11,2020
5.88964796066284,SGSouth,sstRe,11,2020
4.72003698348999,SPEast,sstRe,11,2020
5.38097953796387,SPEnglishBay,sstRe,11,2020
5.59243535995483,SPReefPoint,sstRe,11,2020
9.01550960540771,SGNorth,sstRe,07,2021
8.79392051696777,SGSouth,sstRe,07,2021
8.79907989501953,SPEast,sstRe,07,2021
8.75314807891846,SPEnglishBay,sstRe,07,2021
8.85798168182373,SPReefPoint,sstRe,07,2021
10.6584129333496,SGNorth,sstRe,08,2021
10.4579257965088,SGSouth,sstRe,08,2021
10.0909385681152,SPEast,sstRe,08,2021
10.1703996658325,SPEnglishBay,sstRe,08,2021
10.4170713424683,SPReefPoint,sstRe,08,2021
10.1887016296387,SGNorth,sstRe,09,2021
10.0922498703003,SGSouth,sstRe,09,2021
9.71708297729492,SPEast,sstRe,09,2021
10.0809984207153,SPEnglishBay,sstRe,09,2021
10.2033071517944,SPReefPoint,sstRe,09,2021
6.9041051864624,SGNorth,sstRe,10,2021
7.00976324081421,SGSouth,sstRe,10,2021
6.21417427062988,SPEast,sstRe,10,2021
6.68808698654175,SPEnglishBay,sstRe,10,2021
6.79791069030762,SPReefPoint,sstRe,10,2021
4.72372722625732,SGNorth,sstRe,11,2021
5.0309100151062,SGSouth,sstRe,11,2021
3.61224913597107,SPEast,sstRe,11,2021
4.33107376098633,SPEnglishBay,sstRe,11,2021
4.55324983596802,SPReefPoint,sstRe,11,2021
7.83943748474121,SGNorth,sstRe,07,2022
7.71592998504639,SGSouth,sstRe,07,2022
6.88644456863403,SPEast,sstRe,07,2022
7.53057479858398,SPEnglishBay,sstRe,07,2022
7.72955513000488,SPReefPoint,sstRe,07,2022
8.89255523681641,SGNorth,sstRe,08,2022
8.81550121307373,SGSouth,sstRe,08,2022
8.32790946960449,SPEast,sstRe,08,2022
9.07143020629883,SPEnglishBay,sstRe,08,2022
9.0023078918457,SPReefPoint,sstRe,08,2022
9.12713623046875,SGNorth,sstReShelf,08,1987
9.08758735656738,SGSouth,sstReShelf,08,1987
8.89614105224609,SPEast,sstReShelf,08,1987
8.85021305084229,SPEnglishBay,sstReShelf,08,1987
8.89357852935791,SPReefPoint,sstReShelf,08,1987
9.16844463348389,SGNorth,sstReShelf,09,1987
8.92436122894287,SGSouth,sstReShelf,09,1987
8.88302898406982,SPEast,sstReShelf,09,1987
8.92328929901123,SPEnglishBay,sstReShelf,09,1987
9.02301025390625,SPReefPoint,sstReShelf,09,1987
6.70914745330811,SGNorth,sstReShelf,10,1987
6.70545530319214,SGSouth,sstReShelf,10,1987
5.63883304595947,SPEast,sstReShelf,10,1987
5.69947957992554,SPEnglishBay,sstReShelf,10,1987
6.10977458953857,SPReefPoint,sstReShelf,10,1987
5.335289478302,SGNorth,sstReShelf,11,1987
5.41672086715698,SGSouth,sstReShelf,11,1987
4.24690055847168,SPEast,sstReShelf,11,1987
4.35522413253784,SPEnglishBay,sstReShelf,11,1987
4.79914999008179,SPReefPoint,sstReShelf,11,1987
7.25107526779175,SGNorth,sstReShelf,07,1988
7.1876916885376,SGSouth,sstReShelf,07,1988
6.41760969161987,SPEast,sstReShelf,07,1988
6.48078393936157,SPEnglishBay,sstReShelf,07,1988
6.75850963592529,SPReefPoint,sstReShelf,07,1988
9.17206764221191,SGNorth,sstReShelf,08,1988
8.61520767211914,SGSouth,sstReShelf,08,1988
8.53783226013184,SPEast,sstReShelf,08,1988
8.32419776916504,SPEnglishBay,sstReShelf,08,1988
8.57765007019043,SPReefPoint,sstReShelf,08,1988
8.54139518737793,SGNorth,sstReShelf,09,1988
8.38607025146484,SGSouth,sstReShelf,09,1988
7.94866895675659,SPEast,sstReShelf,09,1988
7.91482925415039,SPEnglishBay,sstReShelf,09,1988
8.19561386108398,SPReefPoint,sstReShelf,09,1988
6.95630025863648,SGNorth,sstReShelf,10,1988
7.10473537445068,SGSouth,sstReShelf,10,1988
6.3098726272583,SPEast,sstReShelf,10,1988
6.66051530838013,SPEnglishBay,sstReShelf,10,1988
6.81167888641357,SPReefPoint,sstReShelf,10,1988
5.20222330093384,SGNorth,sstReShelf,11,1988
5.33635520935059,SGSouth,sstReShelf,11,1988
4.06547069549561,SPEast,sstReShelf,11,1988
4.32082271575928,SPEnglishBay,sstReShelf,11,1988
4.68399477005005,SPReefPoint,sstReShelf,11,1988
7.51541566848755,SGNorth,sstReShelf,07,1989
7.23025989532471,SGSouth,sstReShelf,07,1989
6.89900302886963,SPEast,sstReShelf,07,1989
6.92171764373779,SPEnglishBay,sstReShelf,07,1989
7.09395122528076,SPReefPoint,sstReShelf,07,1989
10.0975570678711,SGNorth,sstReShelf,08,1989
9.63766670227051,SGSouth,sstReShelf,08,1989
9.61315059661865,SPEast,sstReShelf,08,1989
9.65886116027832,SPEnglishBay,sstReShelf,08,1989
9.89310646057129,SPReefPoint,sstReShelf,08,1989
8.80439853668213,SGNorth,sstReShelf,09,1989
8.59089088439941,SGSouth,sstReShelf,09,1989
8.26177978515625,SPEast,sstReShelf,09,1989
8.29610538482666,SPEnglishBay,sstReShelf,09,1989
8.53933715820313,SPReefPoint,sstReShelf,09,1989
6.41101408004761,SGNorth,sstReShelf,10,1989
6.47128391265869,SGSouth,sstReShelf,10,1989
5.78718328475952,SPEast,sstReShelf,10,1989
6.02362394332886,SPEnglishBay,sstReShelf,10,1989
6.08456182479858,SPReefPoint,sstReShelf,10,1989
4.74585723876953,SGNorth,sstReShelf,11,1989
5.03613948822022,SGSouth,sstReShelf,11,1989
3.87149095535278,SPEast,sstReShelf,11,1989
4.07299613952637,SPEnglishBay,sstReShelf,11,1989
4.31285572052002,SPReefPoint,sstReShelf,11,1989
7.892822265625,SGNorth,sstReShelf,07,1990
7.83268260955811,SGSouth,sstReShelf,07,1990
7.51945638656616,SPEast,sstReShelf,07,1990
7.74699831008911,SPEnglishBay,sstReShelf,07,1990
7.90912961959839,SPReefPoint,sstReShelf,07,1990
8.55989074707031,SGNorth,sstReShelf,08,1990
7.91984796524048,SGSouth,sstReShelf,08,1990
8.29312992095947,SPEast,sstReShelf,08,1990
8.20895576477051,SPEnglishBay,sstReShelf,08,1990
8.40675735473633,SPReefPoint,sstReShelf,08,1990
8.54800319671631,SGNorth,sstReShelf,09,1990
8.41103363037109,SGSouth,sstReShelf,09,1990
7.98882102966309,SPEast,sstReShelf,09,1990
8.09688663482666,SPEnglishBay,sstReShelf,09,1990
8.31850337982178,SPReefPoint,sstReShelf,09,1990
6.64777231216431,SGNorth,sstReShelf,10,1990
6.83530616760254,SGSouth,sstReShelf,10,1990
5.64702129364014,SPEast,sstReShelf,10,1990
5.85051584243774,SPEnglishBay,sstReShelf,10,1990
6.1554388999939,SPReefPoint,sstReShelf,10,1990
5.10520172119141,SGNorth,sstReShelf,11,1990
5.16857719421387,SGSouth,sstReShelf,11,1990
4.08223819732666,SPEast,sstReShelf,11,1990
4.23607397079468,SPEnglishBay,sstReShelf,11,1990
4.59554815292358,SPReefPoint,sstReShelf,11,1990
8.0633020401001,SGNorth,sstReShelf,07,1991
8.45568943023682,SGSouth,sstReShelf,07,1991
7.79253816604614,SPEast,sstReShelf,07,1991
7.99627351760864,SPEnglishBay,sstReShelf,07,1991
8.03858280181885,SPReefPoint,sstReShelf,07,1991
9.26070785522461,SGNorth,sstReShelf,08,1991
8.99937057495117,SGSouth,sstReShelf,08,1991
9.02410793304443,SPEast,sstReShelf,08,1991
8.91913890838623,SPEnglishBay,sstReShelf,08,1991
9.09314250946045,SPReefPoint,sstReShelf,08,1991
8.60202503204346,SGNorth,sstReShelf,09,1991
8.26684856414795,SGSouth,sstReShelf,09,1991
8.80922222137451,SPEast,sstReShelf,09,1991
8.81698036193848,SPEnglishBay,sstReShelf,09,1991
8.77425193786621,SPReefPoint,sstReShelf,09,1991
6.82937240600586,SGNorth,sstReShelf,10,1991
6.87722873687744,SGSouth,sstReShelf,10,1991
6.32190561294556,SPEast,sstReShelf,10,1991
6.45808076858521,SPEnglishBay,sstReShelf,10,1991
6.63696432113648,SPReefPoint,sstReShelf,10,1991
5.96497964859009,SGNorth,sstReShelf,11,1991
5.90996599197388,SGSouth,sstReShelf,11,1991
5.19179439544678,SPEast,sstReShelf,11,1991
5.28835248947144,SPEnglishBay,sstReShelf,11,1991
5.59190607070923,SPReefPoint,sstReShelf,11,1991
7.31707334518433,SGNorth,sstReShelf,07,1992
7.34842681884766,SGSouth,sstReShelf,07,1992
6.31967782974243,SPEast,sstReShelf,07,1992
6.39367151260376,SPEnglishBay,sstReShelf,07,1992
6.74954080581665,SPReefPoint,sstReShelf,07,1992
9.08157730102539,SGNorth,sstReShelf,08,1992
8.76700782775879,SGSouth,sstReShelf,08,1992
8.57456588745117,SPEast,sstReShelf,08,1992
8.44718456268311,SPEnglishBay,sstReShelf,08,1992
8.63717842102051,SPReefPoint,sstReShelf,08,1992
8.26583194732666,SGNorth,sstReShelf,09,1992
8.18457317352295,SGSouth,sstReShelf,09,1992
7.46852493286133,SPEast,sstReShelf,09,1992
7.59150886535645,SPEnglishBay,sstReShelf,09,1992
7.88217258453369,SPReefPoint,sstReShelf,09,1992
6.45786476135254,SGNorth,sstReShelf,10,1992
6.61835479736328,SGSouth,sstReShelf,10,1992
5.63642072677612,SPEast,sstReShelf,10,1992
5.89658308029175,SPEnglishBay,sstReShelf,10,1992
6.0800085067749,SPReefPoint,sstReShelf,10,1992
5.00985336303711,SGNorth,sstReShelf,11,1992
5.34777784347534,SGSouth,sstReShelf,11,1992
3.87705254554749,SPEast,sstReShelf,11,1992
4.1979079246521,SPEnglishBay,sstReShelf,11,1992
4.47334909439087,SPReefPoint,sstReShelf,11,1992
7.7670783996582,SGNorth,sstReShelf,07,1993
7.3238091468811,SGSouth,sstReShelf,07,1993
6.7708306312561,SPEast,sstReShelf,07,1993
6.75076961517334,SPEnglishBay,sstReShelf,07,1993
7.23162364959717,SPReefPoint,sstReShelf,07,1993
9.94549465179443,SGNorth,sstReShelf,08,1993
9.75464916229248,SGSouth,sstReShelf,08,1993
9.75312900543213,SPEast,sstReShelf,08,1993
9.74041938781738,SPEnglishBay,sstReShelf,08,1993
9.92584609985352,SPReefPoint,sstReShelf,08,1993
9.16086864471436,SGNorth,sstReShelf,09,1993
8.91854667663574,SGSouth,sstReShelf,09,1993
8.33025741577148,SPEast,sstReShelf,09,1993
8.21940994262695,SPEnglishBay,sstReShelf,09,1993
8.6438102722168,SPReefPoint,sstReShelf,09,1993
7.03918695449829,SGNorth,sstReShelf,10,1993
7.1508378982544,SGSouth,sstReShelf,10,1993
5.82966709136963,SPEast,sstReShelf,10,1993
5.86031436920166,SPEnglishBay,sstReShelf,10,1993
6.38857698440552,SPReefPoint,sstReShelf,10,1993
5.9795708656311,SGNorth,sstReShelf,11,1993
6.0386815071106,SGSouth,sstReShelf,11,1993
5.19013261795044,SPEast,sstReShelf,11,1993
5.25008153915405,SPEnglishBay,sstReShelf,11,1993
5.54633808135986,SPReefPoint,sstReShelf,11,1993
7.21906423568726,SGNorth,sstReShelf,07,1994
7.27811479568481,SGSouth,sstReShelf,07,1994
6.43435621261597,SPEast,sstReShelf,07,1994
6.46468496322632,SPEnglishBay,sstReShelf,07,1994
6.74615144729614,SPReefPoint,sstReShelf,07,1994
8.04655456542969,SGNorth,sstReShelf,08,1994
8.08030986785889,SGSouth,sstReShelf,08,1994
7.23877763748169,SPEast,sstReShelf,08,1994
7.31272459030151,SPEnglishBay,sstReShelf,08,1994
7.57193183898926,SPReefPoint,sstReShelf,08,1994
8.5238037109375,SGNorth,sstReShelf,09,1994
8.54340744018555,SGSouth,sstReShelf,09,1994
7.58811140060425,SPEast,sstReShelf,09,1994
7.72918128967285,SPEnglishBay,sstReShelf,09,1994
8.05192852020264,SPReefPoint,sstReShelf,09,1994
6.42221784591675,SGNorth,sstReShelf,10,1994
6.69919633865356,SGSouth,sstReShelf,10,1994
5.6178879737854,SPEast,sstReShelf,10,1994
5.7246298789978,SPEnglishBay,sstReShelf,10,1994
5.99963998794556,SPReefPoint,sstReShelf,10,1994
4.99586534500122,SGNorth,sstReShelf,11,1994
5.20782470703125,SGSouth,sstReShelf,11,1994
3.99680471420288,SPEast,sstReShelf,11,1994
4.26150703430176,SPEnglishBay,sstReShelf,11,1994
4.61076927185059,SPReefPoint,sstReShelf,11,1994
7.92754411697388,SGNorth,sstReShelf,07,1995
7.30345630645752,SGSouth,sstReShelf,07,1995
6.7655668258667,SPEast,sstReShelf,07,1995
6.68580770492554,SPEnglishBay,sstReShelf,07,1995
7.12627506256104,SPReefPoint,sstReShelf,07,1995
9.63333511352539,SGNorth,sstReShelf,08,1995
9.38040733337402,SGSouth,sstReShelf,08,1995
8.99532222747803,SPEast,sstReShelf,08,1995
8.83740520477295,SPEnglishBay,sstReShelf,08,1995
9.16987228393555,SPReefPoint,sstReShelf,08,1995
9.61996555328369,SGNorth,sstReShelf,09,1995
9.47025680541992,SGSouth,sstReShelf,09,1995
9.39495086669922,SPEast,sstReShelf,09,1995
9.32274436950684,SPEnglishBay,sstReShelf,09,1995
9.42291641235352,SPReefPoint,sstReShelf,09,1995
6.63484859466553,SGNorth,sstReShelf,10,1995
6.9038348197937,SGSouth,sstReShelf,10,1995
5.73117828369141,SPEast,sstReShelf,10,1995
6.13858795166016,SPEnglishBay,sstReShelf,10,1995
6.25932741165161,SPReefPoint,sstReShelf,10,1995
4.64658164978027,SGNorth,sstReShelf,11,1995
4.89413928985596,SGSouth,sstReShelf,11,1995
3.68507838249207,SPEast,sstReShelf,11,1995
3.96250033378601,SPEnglishBay,sstReShelf,11,1995
4.23726177215576,SPReefPoint,sstReShelf,11,1995
7.88345909118652,SGNorth,sstReShelf,07,1996
8.05452156066895,SGSouth,sstReShelf,07,1996
7.10118770599365,SPEast,sstReShelf,07,1996
7.61343002319336,SPEnglishBay,sstReShelf,07,1996
7.79535484313965,SPReefPoint,sstReShelf,07,1996
8.97735691070557,SGNorth,sstReShelf,08,1996
9.29698944091797,SGSouth,sstReShelf,08,1996
8.68337440490723,SPEast,sstReShelf,08,1996
8.94994354248047,SPEnglishBay,sstReShelf,08,1996
9.02558898925781,SPReefPoint,sstReShelf,08,1996
8.73117160797119,SGNorth,sstReShelf,09,1996
9.01571846008301,SGSouth,sstReShelf,09,1996
8.19170093536377,SPEast,sstReShelf,09,1996
8.62704849243164,SPEnglishBay,sstReShelf,09,1996
8.75081729888916,SPReefPoint,sstReShelf,09,1996
7.00469017028809,SGNorth,sstReShelf,10,1996
7.19813680648804,SGSouth,sstReShelf,10,1996
6.32848882675171,SPEast,sstReShelf,10,1996
6.67150259017944,SPEnglishBay,sstReShelf,10,1996
6.84304618835449,SPReefPoint,sstReShelf,10,1996
6.12969446182251,SGNorth,sstReShelf,11,1996
6.23335981369019,SGSouth,sstReShelf,11,1996
5.16526174545288,SPEast,sstReShelf,11,1996
5.44568204879761,SPEnglishBay,sstReShelf,11,1996
5.77396249771118,SPReefPoint,sstReShelf,11,1996
8.8988208770752,SGNorth,sstReShelf,07,1997
8.4333553314209,SGSouth,sstReShelf,07,1997
7.78763771057129,SPEast,sstReShelf,07,1997
7.83321952819824,SPEnglishBay,sstReShelf,07,1997
8.25454235076904,SPReefPoint,sstReShelf,07,1997
10.6422920227051,SGNorth,sstReShelf,08,1997
10.0288047790527,SGSouth,sstReShelf,08,1997
9.95442390441895,SPEast,sstReShelf,08,1997
9.72382164001465,SPEnglishBay,sstReShelf,08,1997
10.0879011154175,SPReefPoint,sstReShelf,08,1997
9.1189079284668,SGNorth,sstReShelf,09,1997
9.24301719665527,SGSouth,sstReShelf,09,1997
8.6727991104126,SPEast,sstReShelf,09,1997
8.92418670654297,SPEnglishBay,sstReShelf,09,1997
9.00869178771973,SPReefPoint,sstReShelf,09,1997
7.46881008148193,SGNorth,sstReShelf,10,1997
7.48661136627197,SGSouth,sstReShelf,10,1997
6.77900648117065,SPEast,sstReShelf,10,1997
7.04771375656128,SPEnglishBay,sstReShelf,10,1997
7.19387245178223,SPReefPoint,sstReShelf,10,1997
5.34397745132446,SGNorth,sstReShelf,11,1997
5.39319849014282,SGSouth,sstReShelf,11,1997
4.07062196731567,SPEast,sstReShelf,11,1997
4.42525625228882,SPEnglishBay,sstReShelf,11,1997
4.68032741546631,SPReefPoint,sstReShelf,11,1997
8.90458297729492,SGNorth,sstReShelf,07,1998
8.65261077880859,SGSouth,sstReShelf,07,1998
7.84484672546387,SPEast,sstReShelf,07,1998
7.36870670318604,SPEnglishBay,sstReShelf,07,1998
8.00533390045166,SPReefPoint,sstReShelf,07,1998
10.2404842376709,SGNorth,sstReShelf,08,1998
10.2442350387573,SGSouth,sstReShelf,08,1998
9.19547080993652,SPEast,sstReShelf,08,1998
9.1006498336792,SPEnglishBay,sstReShelf,08,1998
9.60797595977783,SPReefPoint,sstReShelf,08,1998
7.69433164596558,SGNorth,sstReShelf,09,1998
7.74446678161621,SGSouth,sstReShelf,09,1998
7.0447940826416,SPEast,sstReShelf,09,1998
7.11908626556397,SPEnglishBay,sstReShelf,09,1998
7.33886003494263,SPReefPoint,sstReShelf,09,1998
6.45595455169678,SGNorth,sstReShelf,10,1998
6.60115575790405,SGSouth,sstReShelf,10,1998
5.63145208358765,SPEast,sstReShelf,10,1998
5.79986953735352,SPEnglishBay,sstReShelf,10,1998
6.04811429977417,SPReefPoint,sstReShelf,10,1998
5.47220802307129,SGNorth,sstReShelf,11,1998
5.47498226165772,SGSouth,sstReShelf,11,1998
4.28561305999756,SPEast,sstReShelf,11,1998
4.25693893432617,SPEnglishBay,sstReShelf,11,1998
4.78391599655151,SPReefPoint,sstReShelf,11,1998
8.03477001190186,SGNorth,sstReShelf,07,1999
7.96037817001343,SGSouth,sstReShelf,07,1999
7.09108829498291,SPEast,sstReShelf,07,1999
6.85699367523193,SPEnglishBay,sstReShelf,07,1999
7.37984704971314,SPReefPoint,sstReShelf,07,1999
8.03825950622559,SGNorth,sstReShelf,08,1999
7.71546459197998,SGSouth,sstReShelf,08,1999
7.30540895462036,SPEast,sstReShelf,08,1999
7.30557727813721,SPEnglishBay,sstReShelf,08,1999
7.57759237289429,SPReefPoint,sstReShelf,08,1999
8.06895065307617,SGNorth,sstReShelf,09,1999
8.21524333953857,SGSouth,sstReShelf,09,1999
7.28600263595581,SPEast,sstReShelf,09,1999
7.48456573486328,SPEnglishBay,sstReShelf,09,1999
7.73452949523926,SPReefPoint,sstReShelf,09,1999
6.84849309921265,SGNorth,sstReShelf,10,1999
7.12821245193481,SGSouth,sstReShelf,10,1999
5.85259771347046,SPEast,sstReShelf,10,1999
6.09872579574585,SPEnglishBay,sstReShelf,10,1999
6.46047830581665,SPReefPoint,sstReShelf,10,1999
4.57821702957153,SGNorth,sstReShelf,11,1999
5.02480125427246,SGSouth,sstReShelf,11,1999
3.07490110397339,SPEast,sstReShelf,11,1999
3.31658029556274,SPEnglishBay,sstReShelf,11,1999
3.84584832191467,SPReefPoint,sstReShelf,11,1999
7.64042472839356,SGNorth,sstReShelf,07,2000
7.43982267379761,SGSouth,sstReShelf,07,2000
7.32941865921021,SPEast,sstReShelf,07,2000
7.49129915237427,SPEnglishBay,sstReShelf,07,2000
7.50411891937256,SPReefPoint,sstReShelf,07,2000
8.5277214050293,SGNorth,sstReShelf,08,2000
8.60532665252686,SGSouth,sstReShelf,08,2000
8.46660804748535,SPEast,sstReShelf,08,2000
8.82264709472656,SPEnglishBay,sstReShelf,08,2000
8.67315483093262,SPReefPoint,sstReShelf,08,2000
8.06381225585938,SGNorth,sstReShelf,09,2000
8.24853229522705,SGSouth,sstReShelf,09,2000
7.31902408599854,SPEast,sstReShelf,09,2000
7.3301248550415,SPEnglishBay,sstReShelf,09,2000
7.68903732299805,SPReefPoint,sstReShelf,09,2000
6.78444623947144,SGNorth,sstReShelf,10,2000
7.03387117385864,SGSouth,sstReShelf,10,2000
6.16133117675781,SPEast,sstReShelf,10,2000
6.44309949874878,SPEnglishBay,sstReShelf,10,2000
6.59636735916138,SPReefPoint,sstReShelf,10,2000
5.92345333099365,SGNorth,sstReShelf,11,2000
5.93757677078247,SGSouth,sstReShelf,11,2000
5.33043766021729,SPEast,sstReShelf,11,2000
5.33043527603149,SPEnglishBay,sstReShelf,11,2000
5.54064416885376,SPReefPoint,sstReShelf,11,2000
8.41714477539063,SGNorth,sstReShelf,07,2001
8.14012336730957,SGSouth,sstReShelf,07,2001
7.52036094665527,SPEast,sstReShelf,07,2001
7.3183012008667,SPEnglishBay,sstReShelf,07,2001
7.71733331680298,SPReefPoint,sstReShelf,07,2001
10.0356521606445,SGNorth,sstReShelf,08,2001
9.86146926879883,SGSouth,sstReShelf,08,2001
8.99162769317627,SPEast,sstReShelf,08,2001
8.77066135406494,SPEnglishBay,sstReShelf,08,2001
9.31217670440674,SPReefPoint,sstReShelf,08,2001
8.9173002243042,SGNorth,sstReShelf,09,2001
8.9754114151001,SGSouth,sstReShelf,09,2001
8.11155605316162,SPEast,sstReShelf,09,2001
8.17852115631104,SPEnglishBay,sstReShelf,09,2001
8.49754810333252,SPReefPoint,sstReShelf,09,2001
7.16387319564819,SGNorth,sstReShelf,10,2001
7.20771837234497,SGSouth,sstReShelf,10,2001
5.94670486450195,SPEast,sstReShelf,10,2001
5.96469163894653,SPEnglishBay,sstReShelf,10,2001
6.45898628234863,SPReefPoint,sstReShelf,10,2001
5.59487962722778,SGNorth,sstReShelf,11,2001
5.66438150405884,SGSouth,sstReShelf,11,2001
4.37815189361572,SPEast,sstReShelf,11,2001
4.4019718170166,SPEnglishBay,sstReShelf,11,2001
4.96003246307373,SPReefPoint,sstReShelf,11,2001
8.88915920257568,SGNorth,sstReShelf,07,2002
8.31060981750488,SGSouth,sstReShelf,07,2002
8.11552143096924,SPEast,sstReShelf,07,2002
8.03790092468262,SPEnglishBay,sstReShelf,07,2002
8.33264541625977,SPReefPoint,sstReShelf,07,2002
10.5546407699585,SGNorth,sstReShelf,08,2002
9.94240283966064,SGSouth,sstReShelf,08,2002
10.1751079559326,SPEast,sstReShelf,08,2002
9.93436050415039,SPEnglishBay,sstReShelf,08,2002
10.2447118759155,SPReefPoint,sstReShelf,08,2002
9.01483535766602,SGNorth,sstReShelf,09,2002
8.83873462677002,SGSouth,sstReShelf,09,2002
8.87446022033691,SPEast,sstReShelf,09,2002
9.0255298614502,SPEnglishBay,sstReShelf,09,2002
8.99217796325684,SPReefPoint,sstReShelf,09,2002
7.27056789398193,SGNorth,sstReShelf,10,2002
7.13850116729736,SGSouth,sstReShelf,10,2002
6.69396257400513,SPEast,sstReShelf,10,2002
6.81676864624023,SPEnglishBay,sstReShelf,10,2002
6.97173976898193,SPReefPoint,sstReShelf,10,2002
5.83847188949585,SGNorth,sstReShelf,11,2002
5.57220506668091,SGSouth,sstReShelf,11,2002
4.91645383834839,SPEast,sstReShelf,11,2002
4.77544784545898,SPEnglishBay,sstReShelf,11,2002
5.21368074417114,SPReefPoint,sstReShelf,11,2002
9.45000839233398,SGNorth,sstReShelf,07,2003
9.3576135635376,SGSouth,sstReShelf,07,2003
9.16418266296387,SPEast,sstReShelf,07,2003
9.25240898132324,SPEnglishBay,sstReShelf,07,2003
9.40885734558105,SPReefPoint,sstReShelf,07,2003
10.7557010650635,SGNorth,sstReShelf,08,2003
10.4178152084351,SGSouth,sstReShelf,08,2003
10.2975902557373,SPEast,sstReShelf,08,2003
10.1261625289917,SPEnglishBay,sstReShelf,08,2003
10.389443397522,SPReefPoint,sstReShelf,08,2003
10.6635713577271,SGNorth,sstReShelf,09,2003
10.3372573852539,SGSouth,sstReShelf,09,2003
10.6060628890991,SPEast,sstReShelf,09,2003
10.397045135498,SPEnglishBay,sstReShelf,09,2003
10.509183883667,SPReefPoint,sstReShelf,09,2003
8.25836658477783,SGNorth,sstReShelf,10,2003
8.1368522644043,SGSouth,sstReShelf,10,2003
7.66687965393066,SPEast,sstReShelf,10,2003
7.67200088500977,SPEnglishBay,sstReShelf,10,2003
7.87129545211792,SPReefPoint,sstReShelf,10,2003
6.65228796005249,SGNorth,sstReShelf,11,2003
6.56543779373169,SGSouth,sstReShelf,11,2003
5.92606019973755,SPEast,sstReShelf,11,2003
5.993980884552,SPEnglishBay,sstReShelf,11,2003
6.2129716873169,SPReefPoint,sstReShelf,11,2003
10.1879920959473,SGNorth,sstReShelf,07,2004
9.570631980896,SGSouth,sstReShelf,07,2004
9.41568183898926,SPEast,sstReShelf,07,2004
9.00919532775879,SPEnglishBay,sstReShelf,07,2004
9.44989395141602,SPReefPoint,sstReShelf,07,2004
10.5373916625977,SGNorth,sstReShelf,08,2004
9.85564422607422,SGSouth,sstReShelf,08,2004
10.5227336883545,SPEast,sstReShelf,08,2004
10.3332223892212,SPEnglishBay,sstReShelf,08,2004
10.2951412200928,SPReefPoint,sstReShelf,08,2004
9.95083236694336,SGNorth,sstReShelf,09,2004
9.45438289642334,SGSouth,sstReShelf,09,2004
9.87122440338135,SPEast,sstReShelf,09,2004
9.5036735534668,SPEnglishBay,sstReShelf,09,2004
9.65720748901367,SPReefPoint,sstReShelf,09,2004
7.29420232772827,SGNorth,sstReShelf,10,2004
7.15819883346558,SGSouth,sstReShelf,10,2004
6.68968725204468,SPEast,sstReShelf,10,2004
6.67410850524902,SPEnglishBay,sstReShelf,10,2004
6.8666729927063,SPReefPoint,sstReShelf,10,2004
5.01757669448853,SGNorth,sstReShelf,11,2004
5.08925294876099,SGSouth,sstReShelf,11,2004
4.015212059021,SPEast,sstReShelf,11,2004
4.01558494567871,SPEnglishBay,sstReShelf,11,2004
4.41902303695679,SPReefPoint,sstReShelf,11,2004
10.3708152770996,SGNorth,sstReShelf,07,2005
9.9405403137207,SGSouth,sstReShelf,07,2005
9.32248306274414,SPEast,sstReShelf,07,2005
9.29667663574219,SPEnglishBay,sstReShelf,07,2005
9.74306964874268,SPReefPoint,sstReShelf,07,2005
10.4802713394165,SGNorth,sstReShelf,08,2005
10.0368661880493,SGSouth,sstReShelf,08,2005
9.91523742675781,SPEast,sstReShelf,08,2005
9.84172630310059,SPEnglishBay,sstReShelf,08,2005
10.0704917907715,SPReefPoint,sstReShelf,08,2005
9.12904167175293,SGNorth,sstReShelf,09,2005
9.05992698669434,SGSouth,sstReShelf,09,2005
8.69175338745117,SPEast,sstReShelf,09,2005
9.08250904083252,SPEnglishBay,sstReShelf,09,2005
9.13598728179932,SPReefPoint,sstReShelf,09,2005
7.41920185089111,SGNorth,sstReShelf,10,2005
7.71835899353027,SGSouth,sstReShelf,10,2005
6.45188856124878,SPEast,sstReShelf,10,2005
6.70392084121704,SPEnglishBay,sstReShelf,10,2005
6.98348808288574,SPReefPoint,sstReShelf,10,2005
5.57411813735962,SGNorth,sstReShelf,11,2005
5.83057451248169,SGSouth,sstReShelf,11,2005
4.44006967544556,SPEast,sstReShelf,11,2005
4.7465558052063,SPEnglishBay,sstReShelf,11,2005
5.14428424835205,SPReefPoint,sstReShelf,11,2005
8.57090187072754,SGNorth,sstReShelf,07,2006
8.64739894866943,SGSouth,sstReShelf,07,2006
7.84031820297241,SPEast,sstReShelf,07,2006
7.91242742538452,SPEnglishBay,sstReShelf,07,2006
8.15579891204834,SPReefPoint,sstReShelf,07,2006
8.63853931427002,SGNorth,sstReShelf,08,2006
8.62971496582031,SGSouth,sstReShelf,08,2006
8.16247081756592,SPEast,sstReShelf,08,2006
8.4086799621582,SPEnglishBay,sstReShelf,08,2006
8.51327991485596,SPReefPoint,sstReShelf,08,2006
8.77950382232666,SGNorth,sstReShelf,09,2006
8.54065990447998,SGSouth,sstReShelf,09,2006
8.09410667419434,SPEast,sstReShelf,09,2006
8.06679248809815,SPEnglishBay,sstReShelf,09,2006
8.36000728607178,SPReefPoint,sstReShelf,09,2006
6.94913864135742,SGNorth,sstReShelf,10,2006
7.20000648498535,SGSouth,sstReShelf,10,2006
5.93974018096924,SPEast,sstReShelf,10,2006
6.4290885925293,SPEnglishBay,sstReShelf,10,2006
6.68472814559937,SPReefPoint,sstReShelf,10,2006
4.92791891098023,SGNorth,sstReShelf,11,2006
5.24861001968384,SGSouth,sstReShelf,11,2006
3.51481986045837,SPEast,sstReShelf,11,2006
4.04829216003418,SPEnglishBay,sstReShelf,11,2006
4.46470403671265,SPReefPoint,sstReShelf,11,2006
8.12158012390137,SGNorth,sstReShelf,07,2007
8.00657749176025,SGSouth,sstReShelf,07,2007
7.24661445617676,SPEast,sstReShelf,07,2007
7.23397636413574,SPEnglishBay,sstReShelf,07,2007
7.60450077056885,SPReefPoint,sstReShelf,07,2007
9.891921043396,SGNorth,sstReShelf,08,2007
9.73015308380127,SGSouth,sstReShelf,08,2007
8.98326778411865,SPEast,sstReShelf,08,2007
8.85232162475586,SPEnglishBay,sstReShelf,08,2007
9.19039440155029,SPReefPoint,sstReShelf,08,2007
8.08273410797119,SGNorth,sstReShelf,09,2007
7.94041109085083,SGSouth,sstReShelf,09,2007
7.61116075515747,SPEast,sstReShelf,09,2007
7.97605705261231,SPEnglishBay,sstReShelf,09,2007
7.93188047409058,SPReefPoint,sstReShelf,09,2007
5.88954734802246,SGNorth,sstReShelf,10,2007
6.15501260757446,SGSouth,sstReShelf,10,2007
4.94847202301025,SPEast,sstReShelf,10,2007
5.36688423156738,SPEnglishBay,sstReShelf,10,2007
5.41159152984619,SPReefPoint,sstReShelf,10,2007
4.32082891464233,SGNorth,sstReShelf,11,2007
4.73819160461426,SGSouth,sstReShelf,11,2007
3.12859702110291,SPEast,sstReShelf,11,2007
3.50018787384033,SPEnglishBay,sstReShelf,11,2007
3.72253894805908,SPReefPoint,sstReShelf,11,2007
6.81771850585938,SGNorth,sstReShelf,07,2008
7.0111894607544,SGSouth,sstReShelf,07,2008
5.78610897064209,SPEast,sstReShelf,07,2008
6.24345016479492,SPEnglishBay,sstReShelf,07,2008
6.43717575073242,SPReefPoint,sstReShelf,07,2008
8.88418674468994,SGNorth,sstReShelf,08,2008
9.0584192276001,SGSouth,sstReShelf,08,2008
8.38752841949463,SPEast,sstReShelf,08,2008
8.8937406539917,SPEnglishBay,sstReShelf,08,2008
8.95866012573242,SPReefPoint,sstReShelf,08,2008
8.64308547973633,SGNorth,sstReShelf,09,2008
8.46250820159912,SGSouth,sstReShelf,09,2008
7.86530017852783,SPEast,sstReShelf,09,2008
8.22651958465576,SPEnglishBay,sstReShelf,09,2008
8.45676612854004,SPReefPoint,sstReShelf,09,2008
6.94297122955322,SGNorth,sstReShelf,10,2008
7.10526084899902,SGSouth,sstReShelf,10,2008
5.4017276763916,SPEast,sstReShelf,10,2008
5.76426649093628,SPEnglishBay,sstReShelf,10,2008
6.28809070587158,SPReefPoint,sstReShelf,10,2008
4.82194089889526,SGNorth,sstReShelf,11,2008
5.22129154205322,SGSouth,sstReShelf,11,2008
3.20313882827759,SPEast,sstReShelf,11,2008
3.70443844795227,SPEnglishBay,sstReShelf,11,2008
4.18884420394897,SPReefPoint,sstReShelf,11,2008
7.26239442825317,SGNorth,sstReShelf,07,2009
6.83315944671631,SGSouth,sstReShelf,07,2009
6.16439485549927,SPEast,sstReShelf,07,2009
6.35428142547607,SPEnglishBay,sstReShelf,07,2009
6.69648742675781,SPReefPoint,sstReShelf,07,2009
8.84470367431641,SGNorth,sstReShelf,08,2009
8.60178565979004,SGSouth,sstReShelf,08,2009
8.5637788772583,SPEast,sstReShelf,08,2009
8.66132354736328,SPEnglishBay,sstReShelf,08,2009
8.75873470306397,SPReefPoint,sstReShelf,08,2009
7.86238288879395,SGNorth,sstReShelf,09,2009
7.86571931838989,SGSouth,sstReShelf,09,2009
7.56212902069092,SPEast,sstReShelf,09,2009
7.73398447036743,SPEnglishBay,sstReShelf,09,2009
7.75581789016724,SPReefPoint,sstReShelf,09,2009
6.41268110275269,SGNorth,sstReShelf,10,2009
6.66844844818115,SGSouth,sstReShelf,10,2009
5.70129728317261,SPEast,sstReShelf,10,2009
6.21937465667725,SPEnglishBay,sstReShelf,10,2009
6.21923112869263,SPReefPoint,sstReShelf,10,2009
4.0181040763855,SGNorth,sstReShelf,11,2009
4.6892991065979,SGSouth,sstReShelf,11,2009
3.06899452209473,SPEast,sstReShelf,11,2009
3.64239883422852,SPEnglishBay,sstReShelf,11,2009
3.6755964756012,SPReefPoint,sstReShelf,11,2009
7.49556732177734,SGNorth,sstReShelf,07,2010
7.42102813720703,SGSouth,sstReShelf,07,2010
7.16996335983276,SPEast,sstReShelf,07,2010
7.29305648803711,SPEnglishBay,sstReShelf,07,2010
7.31645488739014,SPReefPoint,sstReShelf,07,2010
8.72817230224609,SGNorth,sstReShelf,08,2010
8.74538230895996,SGSouth,sstReShelf,08,2010
8.33669185638428,SPEast,sstReShelf,08,2010
8.769606590271,SPEnglishBay,sstReShelf,08,2010
8.67990970611572,SPReefPoint,sstReShelf,08,2010
8.82078075408936,SGNorth,sstReShelf,09,2010
9.00409030914307,SGSouth,sstReShelf,09,2010
7.86349773406982,SPEast,sstReShelf,09,2010
8.2142505645752,SPEnglishBay,sstReShelf,09,2010
8.44475746154785,SPReefPoint,sstReShelf,09,2010
6.29817295074463,SGNorth,sstReShelf,10,2010
6.49447584152222,SGSouth,sstReShelf,10,2010
5.50888681411743,SPEast,sstReShelf,10,2010
5.93317365646362,SPEnglishBay,sstReShelf,10,2010
5.96270513534546,SPReefPoint,sstReShelf,10,2010
5.20857763290405,SGNorth,sstReShelf,11,2010
5.49326658248901,SGSouth,sstReShelf,11,2010
3.92840576171875,SPEast,sstReShelf,11,2010
4.35227870941162,SPEnglishBay,sstReShelf,11,2010
4.6491322517395,SPReefPoint,sstReShelf,11,2010
6.87591743469238,SGNorth,sstReShelf,07,2011
6.97495985031128,SGSouth,sstReShelf,07,2011
5.63686561584473,SPEast,sstReShelf,07,2011
6.0389142036438,SPEnglishBay,sstReShelf,07,2011
6.33316469192505,SPReefPoint,sstReShelf,07,2011
9.49058055877686,SGNorth,sstReShelf,08,2011
9.64468574523926,SGSouth,sstReShelf,08,2011
8.38562202453613,SPEast,sstReShelf,08,2011
8.67722988128662,SPEnglishBay,sstReShelf,08,2011
9.13365077972412,SPReefPoint,sstReShelf,08,2011
7.97197437286377,SGNorth,sstReShelf,09,2011
8.15721130371094,SGSouth,sstReShelf,09,2011
6.8494462966919,SPEast,sstReShelf,09,2011
7.36674642562866,SPEnglishBay,sstReShelf,09,2011
7.69849109649658,SPReefPoint,sstReShelf,09,2011
6.69395637512207,SGNorth,sstReShelf,10,2011
7.01886320114136,SGSouth,sstReShelf,10,2011
5.82404375076294,SPEast,sstReShelf,10,2011
6.19824743270874,SPEnglishBay,sstReShelf,10,2011
6.47185182571411,SPReefPoint,sstReShelf,10,2011
4.57743978500366,SGNorth,sstReShelf,11,2011
4.86921834945679,SGSouth,sstReShelf,11,2011
3.39331245422363,SPEast,sstReShelf,11,2011
3.71703219413757,SPEnglishBay,sstReShelf,11,2011
4.08645725250244,SPReefPoint,sstReShelf,11,2011
6.98891735076904,SGNorth,sstReShelf,07,2012
6.91054105758667,SGSouth,sstReShelf,07,2012
6.5390191078186,SPEast,sstReShelf,07,2012
6.61673069000244,SPEnglishBay,sstReShelf,07,2012
6.68686580657959,SPReefPoint,sstReShelf,07,2012
8.31752681732178,SGNorth,sstReShelf,08,2012
8.21718883514404,SGSouth,sstReShelf,08,2012
8.14608860015869,SPEast,sstReShelf,08,2012
8.16747570037842,SPEnglishBay,sstReShelf,08,2012
8.20897483825684,SPReefPoint,sstReShelf,08,2012
7.20505094528198,SGNorth,sstReShelf,09,2012
7.32529020309448,SGSouth,sstReShelf,09,2012
6.38112115859985,SPEast,sstReShelf,09,2012
6.73716497421265,SPEnglishBay,sstReShelf,09,2012
6.88948106765747,SPReefPoint,sstReShelf,09,2012
5.93194961547852,SGNorth,sstReShelf,10,2012
6.32526016235352,SGSouth,sstReShelf,10,2012
4.55170726776123,SPEast,sstReShelf,10,2012
4.91732120513916,SPEnglishBay,sstReShelf,10,2012
5.31848049163818,SPReefPoint,sstReShelf,10,2012
3.69384384155273,SGNorth,sstReShelf,11,2012
4.17927837371826,SGSouth,sstReShelf,11,2012
2.51971769332886,SPEast,sstReShelf,11,2012
3.05108094215393,SPEnglishBay,sstReShelf,11,2012
3.20548582077026,SPReefPoint,sstReShelf,11,2012
7.95534181594849,SGNorth,sstReShelf,07,2013
7.54160213470459,SGSouth,sstReShelf,07,2013
7.11575078964233,SPEast,sstReShelf,07,2013
7.02922773361206,SPEnglishBay,sstReShelf,07,2013
7.30077600479126,SPReefPoint,sstReShelf,07,2013
9.77512168884277,SGNorth,sstReShelf,08,2013
9.57032585144043,SGSouth,sstReShelf,08,2013
9.10574817657471,SPEast,sstReShelf,08,2013
9.36051464080811,SPEnglishBay,sstReShelf,08,2013
9.44280910491943,SPReefPoint,sstReShelf,08,2013
8.89751434326172,SGNorth,sstReShelf,09,2013
9.10168838500977,SGSouth,sstReShelf,09,2013
8.21124744415283,SPEast,sstReShelf,09,2013
8.51291751861572,SPEnglishBay,sstReShelf,09,2013
8.7010669708252,SPReefPoint,sstReShelf,09,2013
6.96702814102173,SGNorth,sstReShelf,10,2013
7.20136594772339,SGSouth,sstReShelf,10,2013
6.06935024261475,SPEast,sstReShelf,10,2013
6.61558866500855,SPEnglishBay,sstReShelf,10,2013
6.77868843078613,SPReefPoint,sstReShelf,10,2013
5.33163070678711,SGNorth,sstReShelf,11,2013
5.52064514160156,SGSouth,sstReShelf,11,2013
4.07139015197754,SPEast,sstReShelf,11,2013
4.45138025283814,SPEnglishBay,sstReShelf,11,2013
4.75852060317993,SPReefPoint,sstReShelf,11,2013
10.8247127532959,SGNorth,sstReShelf,07,2014
10.317985534668,SGSouth,sstReShelf,07,2014
9.52454471588135,SPEast,sstReShelf,07,2014
9.2405252456665,SPEnglishBay,sstReShelf,07,2014
9.86955451965332,SPReefPoint,sstReShelf,07,2014
12.4267158508301,SGNorth,sstReShelf,08,2014
12.0137710571289,SGSouth,sstReShelf,08,2014
11.9841794967651,SPEast,sstReShelf,08,2014
11.7237281799316,SPEnglishBay,sstReShelf,08,2014
11.9548988342285,SPReefPoint,sstReShelf,08,2014
11.2113237380981,SGNorth,sstReShelf,09,2014
10.9988012313843,SGSouth,sstReShelf,09,2014
11.0635890960693,SPEast,sstReShelf,09,2014
11.0682964324951,SPEnglishBay,sstReShelf,09,2014
11.1674203872681,SPReefPoint,sstReShelf,09,2014
7.85982418060303,SGNorth,sstReShelf,10,2014
7.81724119186401,SGSouth,sstReShelf,10,2014
7.05277538299561,SPEast,sstReShelf,10,2014
7.35166931152344,SPEnglishBay,sstReShelf,10,2014
7.48675489425659,SPReefPoint,sstReShelf,10,2014
6.05114698410034,SGNorth,sstReShelf,11,2014
6.07683753967285,SGSouth,sstReShelf,11,2014
5.02884531021118,SPEast,sstReShelf,11,2014
5.15049934387207,SPEnglishBay,sstReShelf,11,2014
5.43840074539185,SPReefPoint,sstReShelf,11,2014
9.43284034729004,SGNorth,sstReShelf,07,2015
8.89500617980957,SGSouth,sstReShelf,07,2015
7.91327095031738,SPEast,sstReShelf,07,2015
7.808678150177,SPEnglishBay,sstReShelf,07,2015
8.61540985107422,SPReefPoint,sstReShelf,07,2015
10.9793357849121,SGNorth,sstReShelf,08,2015
10.5900173187256,SGSouth,sstReShelf,08,2015
10.2500858306885,SPEast,sstReShelf,08,2015
10.0293369293213,SPEnglishBay,sstReShelf,08,2015
10.4566774368286,SPReefPoint,sstReShelf,08,2015
10.1216020584106,SGNorth,sstReShelf,09,2015
10.1139211654663,SGSouth,sstReShelf,09,2015
9.12623023986816,SPEast,sstReShelf,09,2015
9.3677806854248,SPEnglishBay,sstReShelf,09,2015
9.67701530456543,SPReefPoint,sstReShelf,09,2015
8.1133918762207,SGNorth,sstReShelf,10,2015
8.41895198822022,SGSouth,sstReShelf,10,2015
6.69736385345459,SPEast,sstReShelf,10,2015
6.95719432830811,SPEnglishBay,sstReShelf,10,2015
7.50970268249512,SPReefPoint,sstReShelf,10,2015
6.36469650268555,SGNorth,sstReShelf,11,2015
6.51394701004028,SGSouth,sstReShelf,11,2015
5.10768556594849,SPEast,sstReShelf,11,2015
5.03701686859131,SPEnglishBay,sstReShelf,11,2015
5.71133041381836,SPReefPoint,sstReShelf,11,2015
11.4507284164429,SGNorth,sstReShelf,07,2016
10.7271099090576,SGSouth,sstReShelf,07,2016
11.6491670608521,SPEast,sstReShelf,07,2016
11.0649700164795,SPEnglishBay,sstReShelf,07,2016
11.1593828201294,SPReefPoint,sstReShelf,07,2016
12.3112363815308,SGNorth,sstReShelf,08,2016
11.903190612793,SGSouth,sstReShelf,08,2016
11.6749267578125,SPEast,sstReShelf,08,2016
11.5034694671631,SPEnglishBay,sstReShelf,08,2016
11.8016691207886,SPReefPoint,sstReShelf,08,2016
11.5353126525879,SGNorth,sstReShelf,09,2016
11.2635889053345,SGSouth,sstReShelf,09,2016
10.473331451416,SPEast,sstReShelf,09,2016
10.2494745254517,SPEnglishBay,sstReShelf,09,2016
10.7797317504883,SPReefPoint,sstReShelf,09,2016
9.13016128540039,SGNorth,sstReShelf,10,2016
8.96173858642578,SGSouth,sstReShelf,10,2016
8.38133335113525,SPEast,sstReShelf,10,2016
8.35431575775147,SPEnglishBay,sstReShelf,10,2016
8.64820098876953,SPReefPoint,sstReShelf,10,2016
6.983717918396,SGNorth,sstReShelf,11,2016
6.71081018447876,SGSouth,sstReShelf,11,2016
6.28938293457031,SPEast,sstReShelf,11,2016
6.18942165374756,SPEnglishBay,sstReShelf,11,2016
6.4957070350647,SPReefPoint,sstReShelf,11,2016
8.72600841522217,SGNorth,sstReShelf,07,2017
8.25509452819824,SGSouth,sstReShelf,07,2017
8.36258316040039,SPEast,sstReShelf,07,2017
8.44811916351318,SPEnglishBay,sstReShelf,07,2017
8.62424468994141,SPReefPoint,sstReShelf,07,2017
10.5316314697266,SGNorth,sstReShelf,08,2017
10.2513599395752,SGSouth,sstReShelf,08,2017
10.2764549255371,SPEast,sstReShelf,08,2017
10.3684320449829,SPEnglishBay,sstReShelf,08,2017
10.4587440490723,SPReefPoint,sstReShelf,08,2017
8.89148712158203,SGNorth,sstReShelf,09,2017
8.97983169555664,SGSouth,sstReShelf,09,2017
8.40988254547119,SPEast,sstReShelf,09,2017
8.91974639892578,SPEnglishBay,sstReShelf,09,2017
8.93888759613037,SPReefPoint,sstReShelf,09,2017
7.25114679336548,SGNorth,sstReShelf,10,2017
7.44196939468384,SGSouth,sstReShelf,10,2017
6.29850482940674,SPEast,sstReShelf,10,2017
6.78993225097656,SPEnglishBay,sstReShelf,10,2017
6.88782835006714,SPReefPoint,sstReShelf,10,2017
5.87668895721436,SGNorth,sstReShelf,11,2017
6.35409450531006,SGSouth,sstReShelf,11,2017
4.86651563644409,SPEast,sstReShelf,11,2017
5.25771760940552,SPEnglishBay,sstReShelf,11,2017
5.48628902435303,SPReefPoint,sstReShelf,11,2017
9.2202615737915,SGNorth,sstReShelf,07,2018
8.71582221984863,SGSouth,sstReShelf,07,2018
8.53600215911865,SPEast,sstReShelf,07,2018
8.0761308670044,SPEnglishBay,sstReShelf,07,2018
8.4803638458252,SPReefPoint,sstReShelf,07,2018
9.85086250305176,SGNorth,sstReShelf,08,2018
9.4587459564209,SGSouth,sstReShelf,08,2018
9.49509525299072,SPEast,sstReShelf,08,2018
9.58025550842285,SPEnglishBay,sstReShelf,08,2018
9.60031700134277,SPReefPoint,sstReShelf,08,2018
10.2305402755737,SGNorth,sstReShelf,09,2018
9.92343330383301,SGSouth,sstReShelf,09,2018
9.72139739990234,SPEast,sstReShelf,09,2018
9.69664287567139,SPEnglishBay,sstReShelf,09,2018
9.8777437210083,SPReefPoint,sstReShelf,09,2018
8.73942756652832,SGNorth,sstReShelf,10,2018
8.52755165100098,SGSouth,sstReShelf,10,2018
8.10094165802002,SPEast,sstReShelf,10,2018
8.11709880828857,SPEnglishBay,sstReShelf,10,2018
8.35691928863525,SPReefPoint,sstReShelf,10,2018
6.73992252349854,SGNorth,sstReShelf,11,2018
6.60536623001099,SGSouth,sstReShelf,11,2018
5.54506254196167,SPEast,sstReShelf,11,2018
5.3580436706543,SPEnglishBay,sstReShelf,11,2018
5.93455791473389,SPReefPoint,sstReShelf,11,2018
11.166449546814,SGNorth,sstReShelf,07,2019
10.4764318466187,SGSouth,sstReShelf,07,2019
10.8199119567871,SPEast,sstReShelf,07,2019
10.148720741272,SPEnglishBay,sstReShelf,07,2019
10.5965347290039,SPReefPoint,sstReShelf,07,2019
12.2515249252319,SGNorth,sstReShelf,08,2019
11.7384700775147,SGSouth,sstReShelf,08,2019
11.411153793335,SPEast,sstReShelf,08,2019
11.050817489624,SPEnglishBay,sstReShelf,08,2019
11.550368309021,SPReefPoint,sstReShelf,08,2019
10.874418258667,SGNorth,sstReShelf,09,2019
10.4132251739502,SGSouth,sstReShelf,09,2019
10.380223274231,SPEast,sstReShelf,09,2019
10.1692209243774,SPEnglishBay,sstReShelf,09,2019
10.4563779830933,SPReefPoint,sstReShelf,09,2019
8.73355960845947,SGNorth,sstReShelf,10,2019
8.77009296417236,SGSouth,sstReShelf,10,2019
7.81641149520874,SPEast,sstReShelf,10,2019
7.69072484970093,SPEnglishBay,sstReShelf,10,2019
8.07828044891357,SPReefPoint,sstReShelf,10,2019
6.55537700653076,SGNorth,sstReShelf,11,2019
6.67673301696777,SGSouth,sstReShelf,11,2019
5.50622224807739,SPEast,sstReShelf,11,2019
5.37309551239014,SPEnglishBay,sstReShelf,11,2019
5.84773588180542,SPReefPoint,sstReShelf,11,2019
10.2219409942627,SGNorth,sstReShelf,07,2020
9.79117202758789,SGSouth,sstReShelf,07,2020
9.08242702484131,SPEast,sstReShelf,07,2020
9.09206104278564,SPEnglishBay,sstReShelf,07,2020
9.58345222473145,SPReefPoint,sstReShelf,07,2020
11.3395881652832,SGNorth,sstReShelf,08,2020
10.7199182510376,SGSouth,sstReShelf,08,2020
10.8181352615356,SPEast,sstReShelf,08,2020
10.5289621353149,SPEnglishBay,sstReShelf,08,2020
10.8196544647217,SPReefPoint,sstReShelf,08,2020
9.7356653213501,SGNorth,sstReShelf,09,2020
9.59176158905029,SGSouth,sstReShelf,09,2020
9.36589813232422,SPEast,sstReShelf,09,2020
9.3797779083252,SPEnglishBay,sstReShelf,09,2020
9.5337963104248,SPReefPoint,sstReShelf,09,2020
7.49793815612793,SGNorth,sstReShelf,10,2020
7.70001220703125,SGSouth,sstReShelf,10,2020
6.8276219367981,SPEast,sstReShelf,10,2020
7.23600006103516,SPEnglishBay,sstReShelf,10,2020
7.30865049362183,SPReefPoint,sstReShelf,10,2020
5.72832489013672,SGNorth,sstReShelf,11,2020
5.82161664962769,SGSouth,sstReShelf,11,2020
4.71890592575073,SPEast,sstReShelf,11,2020
5.09539699554443,SPEnglishBay,sstReShelf,11,2020
5.37719631195068,SPReefPoint,sstReShelf,11,2020
9.12008953094482,SGNorth,sstReShelf,07,2021
8.80620288848877,SGSouth,sstReShelf,07,2021
8.79931163787842,SPEast,sstReShelf,07,2021
8.80554103851318,SPEnglishBay,sstReShelf,07,2021
8.97479915618897,SPReefPoint,sstReShelf,07,2021
10.7364883422852,SGNorth,sstReShelf,08,2021
10.2595329284668,SGSouth,sstReShelf,08,2021
10.0912399291992,SPEast,sstReShelf,08,2021
9.91941165924072,SPEnglishBay,sstReShelf,08,2021
10.2772655487061,SPReefPoint,sstReShelf,08,2021
10.2973022460937,SGNorth,sstReShelf,09,2021
10.3251857757568,SGSouth,sstReShelf,09,2021
9.71710586547852,SPEast,sstReShelf,09,2021
9.85416126251221,SPEnglishBay,sstReShelf,09,2021
10.0681571960449,SPReefPoint,sstReShelf,09,2021
6.87324190139771,SGNorth,sstReShelf,10,2021
7.12659788131714,SGSouth,sstReShelf,10,2021
6.21343851089478,SPEast,sstReShelf,10,2021
6.50649690628052,SPEnglishBay,sstReShelf,10,2021
6.67034339904785,SPReefPoint,sstReShelf,10,2021
4.56150484085083,SGNorth,sstReShelf,11,2021
4.96701717376709,SGSouth,sstReShelf,11,2021
3.6115460395813,SPEast,sstReShelf,11,2021
3.96292090415955,SPEnglishBay,sstReShelf,11,2021
4.24844217300415,SPReefPoint,sstReShelf,11,2021
7.85344076156616,SGNorth,sstReShelf,07,2022
7.37355422973633,SGSouth,sstReShelf,07,2022
6.88806581497192,SPEast,sstReShelf,07,2022
7.15122079849243,SPEnglishBay,sstReShelf,07,2022
7.4671220779419,SPReefPoint,sstReShelf,07,2022
8.89909267425537,SGNorth,sstReShelf,08,2022
8.63032913208008,SGSouth,sstReShelf,08,2022
8.32882595062256,SPEast,sstReShelf,08,2022
8.88479709625244,SPEnglishBay,sstReShelf,08,2022
8.85844135284424,SPReefPoint,sstReShelf,08,2022
