Complex,Year,var,value
SGNorth,1987,walleye pollock_MeanCPUEkg,11425.2806820755
SGNorth,1987,walleye pollock_MeanCPUENo,20138.7833365472
SGNorth,1987,walleye pollock_SumCPUEkg,605539.87615
SGNorth,1987,walleye pollock_SumCPUENo,1067355.516837
SGNorth,1988,walleye pollock_MeanCPUEkg,15691.8944194615
SGNorth,1988,walleye pollock_MeanCPUENo,22408.8965343462
SGNorth,1988,walleye pollock_SumCPUEkg,815978.509812
SGNorth,1988,walleye pollock_SumCPUENo,1165262.619786
SGNorth,1989,walleye pollock_MeanCPUEkg,17392.4847593208
SGNorth,1989,walleye pollock_MeanCPUENo,24647.2262709245
SGNorth,1989,walleye pollock_SumCPUEkg,921801.692244
SGNorth,1989,walleye pollock_SumCPUENo,1306302.992359
SGNorth,1990,walleye pollock_MeanCPUEkg,12059.4945445192
SGNorth,1990,walleye pollock_MeanCPUENo,14413.0701756538
SGNorth,1990,walleye pollock_SumCPUEkg,627093.716315
SGNorth,1990,walleye pollock_SumCPUENo,749479.649134
SGNorth,1991,walleye pollock_MeanCPUEkg,17921.2745717059
SGNorth,1991,walleye pollock_MeanCPUENo,21566.734622451
SGNorth,1991,walleye pollock_SumCPUEkg,913985.003157
SGNorth,1991,walleye pollock_SumCPUENo,1099903.465745
SGNorth,1992,walleye pollock_MeanCPUEkg,10847.1457400755
SGNorth,1992,walleye pollock_MeanCPUENo,14250.5197127925
SGNorth,1992,walleye pollock_SumCPUEkg,574898.724224
SGNorth,1992,walleye pollock_SumCPUENo,755277.544778
SGNorth,1993,walleye pollock_MeanCPUEkg,14411.4227169231
SGNorth,1993,walleye pollock_MeanCPUENo,22423.7447637115
SGNorth,1993,walleye pollock_SumCPUEkg,749393.98128
SGNorth,1993,walleye pollock_SumCPUENo,1166034.727713
SGNorth,1994,walleye pollock_MeanCPUEkg,13134.8066143148
SGNorth,1994,walleye pollock_MeanCPUENo,19645.6232790556
SGNorth,1994,walleye pollock_SumCPUEkg,709279.557173
SGNorth,1994,walleye pollock_SumCPUENo,1060863.657069
SGNorth,1995,walleye pollock_MeanCPUEkg,17233.9076148846
SGNorth,1995,walleye pollock_MeanCPUENo,24287.1421826538
SGNorth,1995,walleye pollock_SumCPUEkg,896163.195974
SGNorth,1995,walleye pollock_SumCPUENo,1262931.393498
SGNorth,1996,walleye pollock_MeanCPUEkg,12420.5641439434
SGNorth,1996,walleye pollock_MeanCPUENo,18982.5700906226
SGNorth,1996,walleye pollock_SumCPUEkg,658289.899629
SGNorth,1996,walleye pollock_SumCPUENo,1006076.214803
SGNorth,1997,walleye pollock_MeanCPUEkg,5159.13990430189
SGNorth,1997,walleye pollock_MeanCPUENo,6827.96675192453
SGNorth,1997,walleye pollock_SumCPUEkg,273434.414928
SGNorth,1997,walleye pollock_SumCPUENo,361882.237852
SGNorth,1998,walleye pollock_MeanCPUEkg,3472.12867890566
SGNorth,1998,walleye pollock_MeanCPUENo,7126.84147554717
SGNorth,1998,walleye pollock_SumCPUEkg,184022.819982
SGNorth,1998,walleye pollock_SumCPUENo,377722.598204
SGNorth,1999,walleye pollock_MeanCPUEkg,2571.52380941509
SGNorth,1999,walleye pollock_MeanCPUENo,4411.47574983019
SGNorth,1999,walleye pollock_SumCPUEkg,136290.761899
SGNorth,1999,walleye pollock_SumCPUENo,233808.214741
SGNorth,2000,walleye pollock_MeanCPUEkg,8646.47876469811
SGNorth,2000,walleye pollock_MeanCPUENo,13992.1948545472
SGNorth,2000,walleye pollock_SumCPUEkg,458263.374529
SGNorth,2000,walleye pollock_SumCPUENo,741586.327291
SGNorth,2001,walleye pollock_MeanCPUEkg,5534.60324626923
SGNorth,2001,walleye pollock_MeanCPUENo,14843.5523043269
SGNorth,2001,walleye pollock_SumCPUEkg,287799.368806
SGNorth,2001,walleye pollock_SumCPUENo,771864.719825
SGNorth,2002,walleye pollock_MeanCPUEkg,11429.0125900392
SGNorth,2002,walleye pollock_MeanCPUENo,14522.9801610784
SGNorth,2002,walleye pollock_SumCPUEkg,582879.642092
SGNorth,2002,walleye pollock_SumCPUENo,740671.988215
SGNorth,2003,walleye pollock_MeanCPUEkg,8216.58921379245
SGNorth,2003,walleye pollock_MeanCPUENo,10536.5148471509
SGNorth,2003,walleye pollock_SumCPUEkg,435479.228331
SGNorth,2003,walleye pollock_SumCPUENo,558435.286899
SGNorth,2004,walleye pollock_MeanCPUEkg,16312.4078967963
SGNorth,2004,walleye pollock_MeanCPUENo,22335.6998684815
SGNorth,2004,walleye pollock_SumCPUEkg,880870.026427
SGNorth,2004,walleye pollock_SumCPUENo,1206127.792898
SGNorth,2005,walleye pollock_MeanCPUEkg,14485.7334702407
SGNorth,2005,walleye pollock_MeanCPUENo,19438.6232746481
SGNorth,2005,walleye pollock_SumCPUEkg,782229.607393
SGNorth,2005,walleye pollock_SumCPUENo,1049685.656831
SGNorth,2006,walleye pollock_MeanCPUEkg,9989.89458625926
SGNorth,2006,walleye pollock_MeanCPUENo,13295.9452031296
SGNorth,2006,walleye pollock_SumCPUEkg,539454.307658
SGNorth,2006,walleye pollock_SumCPUENo,717981.040969
SGNorth,2007,walleye pollock_MeanCPUEkg,12164.3378601482
SGNorth,2007,walleye pollock_MeanCPUENo,13446.172448037
SGNorth,2007,walleye pollock_SumCPUEkg,656874.244448
SGNorth,2007,walleye pollock_SumCPUENo,726093.312194
SGNorth,2008,walleye pollock_MeanCPUEkg,5543.88548341509
SGNorth,2008,walleye pollock_MeanCPUENo,5006.52216241509
SGNorth,2008,walleye pollock_SumCPUEkg,293825.930621
SGNorth,2008,walleye pollock_SumCPUENo,265345.674608
SGNorth,2009,walleye pollock_MeanCPUEkg,4862.53242622642
SGNorth,2009,walleye pollock_MeanCPUENo,5367.23459986793
SGNorth,2009,walleye pollock_SumCPUEkg,257714.21859
SGNorth,2009,walleye pollock_SumCPUENo,284463.433793
SGNorth,2010,walleye pollock_MeanCPUEkg,5356.0998992037
SGNorth,2010,walleye pollock_MeanCPUENo,4708.46932405556
SGNorth,2010,walleye pollock_SumCPUEkg,289229.394557
SGNorth,2010,walleye pollock_SumCPUENo,254257.343499
SGNorth,2011,walleye pollock_MeanCPUEkg,9017.46375667925
SGNorth,2011,walleye pollock_MeanCPUENo,12454.1457236415
SGNorth,2011,walleye pollock_SumCPUEkg,477925.579104
SGNorth,2011,walleye pollock_SumCPUENo,660069.723353
SGNorth,2012,walleye pollock_MeanCPUEkg,14279.1353245283
SGNorth,2012,walleye pollock_MeanCPUENo,19047.2191969811
SGNorth,2012,walleye pollock_SumCPUEkg,756794.1722
SGNorth,2012,walleye pollock_SumCPUENo,1009502.61744
SGNorth,2013,walleye pollock_MeanCPUEkg,10768.5486662037
SGNorth,2013,walleye pollock_MeanCPUENo,14769.6901374815
SGNorth,2013,walleye pollock_SumCPUEkg,581501.627975
SGNorth,2013,walleye pollock_SumCPUENo,797563.267424
SGNorth,2014,walleye pollock_MeanCPUEkg,16699.3975400727
SGNorth,2014,walleye pollock_MeanCPUENo,22125.0429190364
SGNorth,2014,walleye pollock_SumCPUEkg,918466.864704
SGNorth,2014,walleye pollock_SumCPUENo,1216877.360547
SGNorth,2015,walleye pollock_MeanCPUEkg,9671.70462818868
SGNorth,2015,walleye pollock_MeanCPUENo,18084.7566856038
SGNorth,2015,walleye pollock_SumCPUEkg,512600.345294
SGNorth,2015,walleye pollock_SumCPUENo,958492.104337
SGNorth,2016,walleye pollock_MeanCPUEkg,2833.87568751852
SGNorth,2016,walleye pollock_MeanCPUENo,4680.31015205556
SGNorth,2016,walleye pollock_SumCPUEkg,153029.287126
SGNorth,2016,walleye pollock_SumCPUENo,252736.748211
SGNorth,2017,walleye pollock_MeanCPUEkg,10565.1964738679
SGNorth,2017,walleye pollock_MeanCPUENo,17255.0786476038
SGNorth,2017,walleye pollock_SumCPUEkg,559955.413115
SGNorth,2017,walleye pollock_SumCPUENo,914519.168323
SGNorth,2018,walleye pollock_MeanCPUEkg,2365.34039211321
SGNorth,2018,walleye pollock_MeanCPUENo,3738.31719779245
SGNorth,2018,walleye pollock_SumCPUEkg,125363.040782
SGNorth,2018,walleye pollock_SumCPUENo,198130.811483
SGNorth,2019,walleye pollock_MeanCPUEkg,8829.31640405556
SGNorth,2019,walleye pollock_MeanCPUENo,12446.2402957593
SGNorth,2019,walleye pollock_SumCPUEkg,476783.085819
SGNorth,2019,walleye pollock_SumCPUENo,672096.975971
SGNorth,2021,walleye pollock_MeanCPUEkg,4377.52827267925
SGNorth,2021,walleye pollock_MeanCPUENo,7509.39013369811
SGNorth,2021,walleye pollock_SumCPUEkg,232008.998452
SGNorth,2021,walleye pollock_SumCPUENo,397997.677086
SGNorth,2022,walleye pollock_MeanCPUEkg,5331.62812785185
SGNorth,2022,walleye pollock_MeanCPUENo,9768.82018761111
SGNorth,2022,walleye pollock_SumCPUEkg,287907.918904
SGNorth,2022,walleye pollock_SumCPUENo,527516.290131
SGSouth,1987,walleye pollock_MeanCPUEkg,12876.3766028889
SGSouth,1987,walleye pollock_MeanCPUENo,17773.7805721111
SGSouth,1987,walleye pollock_SumCPUEkg,115887.389426
SGSouth,1987,walleye pollock_SumCPUENo,159964.025149
SGSouth,1988,walleye pollock_MeanCPUEkg,27998.6388813
SGSouth,1988,walleye pollock_MeanCPUENo,41004.0027218
SGSouth,1988,walleye pollock_SumCPUEkg,279986.388813
SGSouth,1988,walleye pollock_SumCPUENo,410040.027218
SGSouth,1989,walleye pollock_MeanCPUEkg,19867.7000617
SGSouth,1989,walleye pollock_MeanCPUENo,23951.1903852
SGSouth,1989,walleye pollock_SumCPUEkg,198677.000617
SGSouth,1989,walleye pollock_SumCPUENo,239511.903852
SGSouth,1990,walleye pollock_MeanCPUEkg,16200.8021409
SGSouth,1990,walleye pollock_MeanCPUENo,18448.3022843
SGSouth,1990,walleye pollock_SumCPUEkg,162008.021409
SGSouth,1990,walleye pollock_SumCPUENo,184483.022843
SGSouth,1991,walleye pollock_MeanCPUEkg,13257.9156592222
SGSouth,1991,walleye pollock_MeanCPUENo,14452.5285223333
SGSouth,1991,walleye pollock_SumCPUEkg,119321.240933
SGSouth,1991,walleye pollock_SumCPUENo,130072.756701
SGSouth,1992,walleye pollock_MeanCPUEkg,18660.0926744
SGSouth,1992,walleye pollock_MeanCPUENo,25083.3744597
SGSouth,1992,walleye pollock_SumCPUEkg,186600.926744
SGSouth,1992,walleye pollock_SumCPUENo,250833.744597
SGSouth,1993,walleye pollock_MeanCPUEkg,11689.7708966
SGSouth,1993,walleye pollock_MeanCPUENo,13275.2071455
SGSouth,1993,walleye pollock_SumCPUEkg,116897.708966
SGSouth,1993,walleye pollock_SumCPUENo,132752.071455
SGSouth,1994,walleye pollock_MeanCPUEkg,8553.8402058
SGSouth,1994,walleye pollock_MeanCPUENo,11245.5786232
SGSouth,1994,walleye pollock_SumCPUEkg,85538.402058
SGSouth,1994,walleye pollock_SumCPUENo,112455.786232
SGSouth,1995,walleye pollock_MeanCPUEkg,24065.3725337
SGSouth,1995,walleye pollock_MeanCPUENo,32231.1912552
SGSouth,1995,walleye pollock_SumCPUEkg,240653.725337
SGSouth,1995,walleye pollock_SumCPUENo,322311.912552
SGSouth,1996,walleye pollock_MeanCPUEkg,16936.1855572
SGSouth,1996,walleye pollock_MeanCPUENo,24787.6984823
SGSouth,1996,walleye pollock_SumCPUEkg,169361.855572
SGSouth,1996,walleye pollock_SumCPUENo,247876.984823
SGSouth,1997,walleye pollock_MeanCPUEkg,14279.8010259
SGSouth,1997,walleye pollock_MeanCPUENo,17903.162856
SGSouth,1997,walleye pollock_SumCPUEkg,142798.010259
SGSouth,1997,walleye pollock_SumCPUENo,179031.62856
SGSouth,1998,walleye pollock_MeanCPUEkg,348.7599612
SGSouth,1998,walleye pollock_MeanCPUENo,592.5272995
SGSouth,1998,walleye pollock_SumCPUEkg,3487.599612
SGSouth,1998,walleye pollock_SumCPUENo,5925.272995
SGSouth,1999,walleye pollock_MeanCPUEkg,2566.8874037
SGSouth,1999,walleye pollock_MeanCPUENo,4282.6729533
SGSouth,1999,walleye pollock_SumCPUEkg,25668.874037
SGSouth,1999,walleye pollock_SumCPUENo,42826.729533
SGSouth,2000,walleye pollock_MeanCPUEkg,8315.34081772727
SGSouth,2000,walleye pollock_MeanCPUENo,13310.5711994545
SGSouth,2000,walleye pollock_SumCPUEkg,91468.748995
SGSouth,2000,walleye pollock_SumCPUENo,146416.283194
SGSouth,2001,walleye pollock_MeanCPUEkg,3210.7469678
SGSouth,2001,walleye pollock_MeanCPUENo,4000.9563547
SGSouth,2001,walleye pollock_SumCPUEkg,32107.469678
SGSouth,2001,walleye pollock_SumCPUENo,40009.563547
SGSouth,2002,walleye pollock_MeanCPUEkg,15429.3035057
SGSouth,2002,walleye pollock_MeanCPUENo,16935.0462041
SGSouth,2002,walleye pollock_SumCPUEkg,154293.035057
SGSouth,2002,walleye pollock_SumCPUENo,169350.462041
SGSouth,2003,walleye pollock_MeanCPUEkg,7426.5264472
SGSouth,2003,walleye pollock_MeanCPUENo,9022.5346798
SGSouth,2003,walleye pollock_SumCPUEkg,74265.264472
SGSouth,2003,walleye pollock_SumCPUENo,90225.346798
SGSouth,2004,walleye pollock_MeanCPUEkg,14030.9164507
SGSouth,2004,walleye pollock_MeanCPUENo,20006.3844714
SGSouth,2004,walleye pollock_SumCPUEkg,140309.164507
SGSouth,2004,walleye pollock_SumCPUENo,200063.844714
SGSouth,2005,walleye pollock_MeanCPUEkg,22960.6825498
SGSouth,2005,walleye pollock_MeanCPUENo,29917.3022052
SGSouth,2005,walleye pollock_SumCPUEkg,229606.825498
SGSouth,2005,walleye pollock_SumCPUENo,299173.022052
SGSouth,2006,walleye pollock_MeanCPUEkg,25366.5193694
SGSouth,2006,walleye pollock_MeanCPUENo,33120.2827632
SGSouth,2006,walleye pollock_SumCPUEkg,253665.193694
SGSouth,2006,walleye pollock_SumCPUENo,331202.827632
SGSouth,2007,walleye pollock_MeanCPUEkg,23874.3174151
SGSouth,2007,walleye pollock_MeanCPUENo,26782.0743065
SGSouth,2007,walleye pollock_SumCPUEkg,238743.174151
SGSouth,2007,walleye pollock_SumCPUENo,267820.743065
SGSouth,2008,walleye pollock_MeanCPUEkg,5587.2609308
SGSouth,2008,walleye pollock_MeanCPUENo,5727.6866585
SGSouth,2008,walleye pollock_SumCPUEkg,55872.609308
SGSouth,2008,walleye pollock_SumCPUENo,57276.866585
SGSouth,2009,walleye pollock_MeanCPUEkg,13478.4502447
SGSouth,2009,walleye pollock_MeanCPUENo,15115.390614
SGSouth,2009,walleye pollock_SumCPUEkg,134784.502447
SGSouth,2009,walleye pollock_SumCPUENo,151153.90614
SGSouth,2010,walleye pollock_MeanCPUEkg,12502.9957993333
SGSouth,2010,walleye pollock_MeanCPUENo,11470.8522853333
SGSouth,2010,walleye pollock_SumCPUEkg,112526.962194
SGSouth,2010,walleye pollock_SumCPUENo,103237.670568
SGSouth,2011,walleye pollock_MeanCPUEkg,15421.4584677778
SGSouth,2011,walleye pollock_MeanCPUENo,19601.2183938889
SGSouth,2011,walleye pollock_SumCPUEkg,138793.12621
SGSouth,2011,walleye pollock_SumCPUENo,176410.965545
SGSouth,2012,walleye pollock_MeanCPUEkg,15075.1152701
SGSouth,2012,walleye pollock_MeanCPUENo,20456.1440097
SGSouth,2012,walleye pollock_SumCPUEkg,150751.152701
SGSouth,2012,walleye pollock_SumCPUENo,204561.440097
SGSouth,2013,walleye pollock_MeanCPUEkg,15753.1438962
SGSouth,2013,walleye pollock_MeanCPUENo,19326.2146867
SGSouth,2013,walleye pollock_SumCPUEkg,157531.438962
SGSouth,2013,walleye pollock_SumCPUENo,193262.146867
SGSouth,2014,walleye pollock_MeanCPUEkg,22722.915567
SGSouth,2014,walleye pollock_MeanCPUENo,28096.4122713
SGSouth,2014,walleye pollock_SumCPUEkg,227229.15567
SGSouth,2014,walleye pollock_SumCPUENo,280964.122713
SGSouth,2015,walleye pollock_MeanCPUEkg,9110.0662661
SGSouth,2015,walleye pollock_MeanCPUENo,13397.4267707
SGSouth,2015,walleye pollock_SumCPUEkg,91100.662661
SGSouth,2015,walleye pollock_SumCPUENo,133974.267707
SGSouth,2016,walleye pollock_MeanCPUEkg,943.4245657
SGSouth,2016,walleye pollock_MeanCPUENo,1227.665617
SGSouth,2016,walleye pollock_SumCPUEkg,9434.245657
SGSouth,2016,walleye pollock_SumCPUENo,12276.65617
SGSouth,2017,walleye pollock_MeanCPUEkg,13222.2456875
SGSouth,2017,walleye pollock_MeanCPUENo,20147.5536479
SGSouth,2017,walleye pollock_SumCPUEkg,132222.456875
SGSouth,2017,walleye pollock_SumCPUENo,201475.536479
SGSouth,2018,walleye pollock_MeanCPUEkg,3060.1616201
SGSouth,2018,walleye pollock_MeanCPUENo,4460.9405322
SGSouth,2018,walleye pollock_SumCPUEkg,30601.616201
SGSouth,2018,walleye pollock_SumCPUENo,44609.405322
SGSouth,2019,walleye pollock_MeanCPUEkg,15082.4188303
SGSouth,2019,walleye pollock_MeanCPUENo,19164.5081612
SGSouth,2019,walleye pollock_SumCPUEkg,150824.188303
SGSouth,2019,walleye pollock_SumCPUENo,191645.081612
SGSouth,2021,walleye pollock_MeanCPUEkg,2181.7996908
SGSouth,2021,walleye pollock_MeanCPUENo,2701.1890361
SGSouth,2021,walleye pollock_SumCPUEkg,21817.996908
SGSouth,2021,walleye pollock_SumCPUENo,27011.890361
SGSouth,2022,walleye pollock_MeanCPUEkg,5492.3658237
SGSouth,2022,walleye pollock_MeanCPUENo,7330.9327567
SGSouth,2022,walleye pollock_SumCPUEkg,54923.658237
SGSouth,2022,walleye pollock_SumCPUENo,73309.327567
SPEast,1987,walleye pollock_MeanCPUEkg,14916.6932307308
SPEast,1987,walleye pollock_MeanCPUENo,25301.7576434615
SPEast,1987,walleye pollock_SumCPUEkg,1551336.095996
SPEast,1987,walleye pollock_SumCPUENo,2631382.79492
SPEast,1988,walleye pollock_MeanCPUEkg,24077.6966362925
SPEast,1988,walleye pollock_MeanCPUENo,39987.3373324057
SPEast,1988,walleye pollock_SumCPUEkg,2552235.843447
SPEast,1988,walleye pollock_SumCPUENo,4238657.757235
SPEast,1989,walleye pollock_MeanCPUEkg,20680.4613519126
SPEast,1989,walleye pollock_MeanCPUENo,30831.298637301
SPEast,1989,walleye pollock_SumCPUEkg,2130087.519247
SPEast,1989,walleye pollock_SumCPUENo,3175623.759642
SPEast,1990,walleye pollock_MeanCPUEkg,17569.3785232115
SPEast,1990,walleye pollock_MeanCPUENo,24895.8348920769
SPEast,1990,walleye pollock_SumCPUEkg,1827215.366414
SPEast,1990,walleye pollock_SumCPUENo,2589166.828776
SPEast,1991,walleye pollock_MeanCPUEkg,11527.4850699327
SPEast,1991,walleye pollock_MeanCPUENo,17610.5221562885
SPEast,1991,walleye pollock_SumCPUEkg,1198858.447273
SPEast,1991,walleye pollock_SumCPUENo,1831494.304254
SPEast,1992,walleye pollock_MeanCPUEkg,14082.5229469796
SPEast,1992,walleye pollock_MeanCPUENo,20111.2856731122
SPEast,1992,walleye pollock_SumCPUEkg,1380087.248804
SPEast,1992,walleye pollock_SumCPUENo,1970905.995965
SPEast,1993,walleye pollock_MeanCPUEkg,12716.0254665192
SPEast,1993,walleye pollock_MeanCPUENo,24002.7604077981
SPEast,1993,walleye pollock_SumCPUEkg,1322466.648518
SPEast,1993,walleye pollock_SumCPUENo,2496287.082411
SPEast,1994,walleye pollock_MeanCPUEkg,9959.52799798058
SPEast,1994,walleye pollock_MeanCPUENo,17223.3389539223
SPEast,1994,walleye pollock_SumCPUEkg,1025831.383792
SPEast,1994,walleye pollock_SumCPUENo,1774003.912254
SPEast,1995,walleye pollock_MeanCPUEkg,15799.4897246311
SPEast,1995,walleye pollock_MeanCPUENo,32483.4565131942
SPEast,1995,walleye pollock_SumCPUEkg,1627347.441637
SPEast,1995,walleye pollock_SumCPUENo,3345796.020859
SPEast,1996,walleye pollock_MeanCPUEkg,11873.4833840583
SPEast,1996,walleye pollock_MeanCPUENo,20472.7537476019
SPEast,1996,walleye pollock_SumCPUEkg,1222968.788558
SPEast,1996,walleye pollock_SumCPUENo,2108693.636003
SPEast,1997,walleye pollock_MeanCPUEkg,12178.5080219903
SPEast,1997,walleye pollock_MeanCPUENo,22946.8803886408
SPEast,1997,walleye pollock_SumCPUEkg,1254386.326265
SPEast,1997,walleye pollock_SumCPUENo,2363528.68003
SPEast,1998,walleye pollock_MeanCPUEkg,5999.49808204902
SPEast,1998,walleye pollock_MeanCPUENo,14021.462357549
SPEast,1998,walleye pollock_SumCPUEkg,611948.804369
SPEast,1998,walleye pollock_SumCPUENo,1430189.16047
SPEast,1999,walleye pollock_MeanCPUEkg,8646.946291
SPEast,1999,walleye pollock_MeanCPUENo,15352.4217260673
SPEast,1999,walleye pollock_SumCPUEkg,899282.414264
SPEast,1999,walleye pollock_SumCPUENo,1596651.859511
SPEast,2000,walleye pollock_MeanCPUEkg,16115.5725216765
SPEast,2000,walleye pollock_MeanCPUENo,27430.2896040392
SPEast,2000,walleye pollock_SumCPUEkg,1643788.397211
SPEast,2000,walleye pollock_SumCPUENo,2797889.539612
SPEast,2001,walleye pollock_MeanCPUEkg,9876.03134765049
SPEast,2001,walleye pollock_MeanCPUENo,23461.399572
SPEast,2001,walleye pollock_SumCPUEkg,1017231.228808
SPEast,2001,walleye pollock_SumCPUENo,2416524.155916
SPEast,2002,walleye pollock_MeanCPUEkg,14961.421574233
SPEast,2002,walleye pollock_MeanCPUENo,25234.9136840485
SPEast,2002,walleye pollock_SumCPUEkg,1541026.422146
SPEast,2002,walleye pollock_SumCPUENo,2599196.109457
SPEast,2003,walleye pollock_MeanCPUEkg,15196.3008921748
SPEast,2003,walleye pollock_MeanCPUENo,22729.178155068
SPEast,2003,walleye pollock_SumCPUEkg,1565218.991894
SPEast,2003,walleye pollock_SumCPUENo,2341105.349972
SPEast,2004,walleye pollock_MeanCPUEkg,15635.0488054314
SPEast,2004,walleye pollock_MeanCPUENo,22856.4279809412
SPEast,2004,walleye pollock_SumCPUEkg,1594774.978154
SPEast,2004,walleye pollock_SumCPUENo,2331355.654056
SPEast,2005,walleye pollock_MeanCPUEkg,14408.8620984951
SPEast,2005,walleye pollock_MeanCPUENo,20568.7993998252
SPEast,2005,walleye pollock_SumCPUEkg,1484112.796145
SPEast,2005,walleye pollock_SumCPUENo,2118586.338182
SPEast,2006,walleye pollock_MeanCPUEkg,10039.3251740192
SPEast,2006,walleye pollock_MeanCPUENo,14594.0984305096
SPEast,2006,walleye pollock_SumCPUEkg,1044089.818098
SPEast,2006,walleye pollock_SumCPUENo,1517786.236773
SPEast,2007,walleye pollock_MeanCPUEkg,7943.21998739806
SPEast,2007,walleye pollock_MeanCPUENo,15626.1642504175
SPEast,2007,walleye pollock_SumCPUEkg,818151.658702
SPEast,2007,walleye pollock_SumCPUENo,1609494.917793
SPEast,2008,walleye pollock_MeanCPUEkg,7346.17001216505
SPEast,2008,walleye pollock_MeanCPUENo,10152.8694264369
SPEast,2008,walleye pollock_SumCPUEkg,756655.511253
SPEast,2008,walleye pollock_SumCPUENo,1045745.550923
SPEast,2009,walleye pollock_MeanCPUEkg,3784.04161555769
SPEast,2009,walleye pollock_MeanCPUENo,6803.44845744231
SPEast,2009,walleye pollock_SumCPUEkg,393540.328018
SPEast,2009,walleye pollock_SumCPUENo,707558.639574
SPEast,2010,walleye pollock_MeanCPUEkg,10110.4082930583
SPEast,2010,walleye pollock_MeanCPUENo,14777.1729794951
SPEast,2010,walleye pollock_SumCPUEkg,1041372.054185
SPEast,2010,walleye pollock_SumCPUENo,1522048.816888
SPEast,2011,walleye pollock_MeanCPUEkg,7806.26269116505
SPEast,2011,walleye pollock_MeanCPUENo,13825.4916453495
SPEast,2011,walleye pollock_SumCPUEkg,804045.05719
SPEast,2011,walleye pollock_SumCPUENo,1424025.639471
SPEast,2012,walleye pollock_MeanCPUEkg,13340.5969578952
SPEast,2012,walleye pollock_MeanCPUENo,29393.8292963714
SPEast,2012,walleye pollock_SumCPUEkg,1400762.680579
SPEast,2012,walleye pollock_SumCPUENo,3086352.076119
SPEast,2013,walleye pollock_MeanCPUEkg,14558.2910266667
SPEast,2013,walleye pollock_MeanCPUENo,25160.1255091961
SPEast,2013,walleye pollock_SumCPUEkg,1484945.68472
SPEast,2013,walleye pollock_SumCPUENo,2566332.801938
SPEast,2014,walleye pollock_MeanCPUEkg,25603.3850859608
SPEast,2014,walleye pollock_MeanCPUENo,42614.6218416177
SPEast,2014,walleye pollock_SumCPUEkg,2611545.278768
SPEast,2014,walleye pollock_SumCPUENo,4346691.427845
SPEast,2015,walleye pollock_MeanCPUEkg,21389.944075233
SPEast,2015,walleye pollock_MeanCPUENo,37952.8055888738
SPEast,2015,walleye pollock_SumCPUEkg,2203164.239749
SPEast,2015,walleye pollock_SumCPUENo,3909138.975654
SPEast,2016,walleye pollock_MeanCPUEkg,9592.88853609615
SPEast,2016,walleye pollock_MeanCPUENo,18229.8460418365
SPEast,2016,walleye pollock_SumCPUEkg,997660.407754
SPEast,2016,walleye pollock_SumCPUENo,1895903.988351
SPEast,2017,walleye pollock_MeanCPUEkg,12026.0274995481
SPEast,2017,walleye pollock_MeanCPUENo,24654.2708085673
SPEast,2017,walleye pollock_SumCPUEkg,1250706.859953
SPEast,2017,walleye pollock_SumCPUENo,2564044.164091
SPEast,2018,walleye pollock_MeanCPUEkg,4767.4657311068
SPEast,2018,walleye pollock_MeanCPUENo,10364.9653495243
SPEast,2018,walleye pollock_SumCPUEkg,491048.970304
SPEast,2018,walleye pollock_SumCPUENo,1067591.431001
SPEast,2019,walleye pollock_MeanCPUEkg,16105.4523311456
SPEast,2019,walleye pollock_MeanCPUENo,24256.4699348641
SPEast,2019,walleye pollock_SumCPUEkg,1658861.590108
SPEast,2019,walleye pollock_SumCPUENo,2498416.403291
SPEast,2021,walleye pollock_MeanCPUEkg,6349.68468579808
SPEast,2021,walleye pollock_MeanCPUENo,12980.1888559808
SPEast,2021,walleye pollock_SumCPUEkg,660367.207323
SPEast,2021,walleye pollock_SumCPUENo,1349939.641022
SPEast,2022,walleye pollock_MeanCPUEkg,16075.6769848447
SPEast,2022,walleye pollock_MeanCPUENo,28723.1983008544
SPEast,2022,walleye pollock_SumCPUEkg,1655794.729439
SPEast,2022,walleye pollock_SumCPUENo,2958489.424988
SPEnglishBay,1987,walleye pollock_MeanCPUEkg,21977.9304596818
SPEnglishBay,1987,walleye pollock_MeanCPUENo,36814.2768173409
SPEnglishBay,1987,walleye pollock_SumCPUEkg,1934057.880452
SPEnglishBay,1987,walleye pollock_SumCPUENo,3239656.359926
SPEnglishBay,1988,walleye pollock_MeanCPUEkg,36785.8408245287
SPEnglishBay,1988,walleye pollock_MeanCPUENo,66456.4791578046
SPEnglishBay,1988,walleye pollock_SumCPUEkg,3200368.151734
SPEnglishBay,1988,walleye pollock_SumCPUENo,5781713.686729
SPEnglishBay,1989,walleye pollock_MeanCPUEkg,24559.2836708068
SPEnglishBay,1989,walleye pollock_MeanCPUENo,40033.2587385909
SPEnglishBay,1989,walleye pollock_SumCPUEkg,2161216.963031
SPEnglishBay,1989,walleye pollock_SumCPUENo,3522926.768996
SPEnglishBay,1990,walleye pollock_MeanCPUEkg,37974.6538649546
SPEnglishBay,1990,walleye pollock_MeanCPUENo,54713.6239023409
SPEnglishBay,1990,walleye pollock_SumCPUEkg,3341769.540116
SPEnglishBay,1990,walleye pollock_SumCPUENo,4814798.903406
SPEnglishBay,1991,walleye pollock_MeanCPUEkg,16311.5482879655
SPEnglishBay,1991,walleye pollock_MeanCPUENo,29432.5595129885
SPEnglishBay,1991,walleye pollock_SumCPUEkg,1419104.701053
SPEnglishBay,1991,walleye pollock_SumCPUENo,2560632.67763
SPEnglishBay,1992,walleye pollock_MeanCPUEkg,19020.6161127955
SPEnglishBay,1992,walleye pollock_MeanCPUENo,31544.8342870568
SPEnglishBay,1992,walleye pollock_SumCPUEkg,1673814.217926
SPEnglishBay,1992,walleye pollock_SumCPUENo,2775945.417261
SPEnglishBay,1993,walleye pollock_MeanCPUEkg,17259.6038547356
SPEnglishBay,1993,walleye pollock_MeanCPUENo,26730.037782023
SPEnglishBay,1993,walleye pollock_SumCPUEkg,1501585.535362
SPEnglishBay,1993,walleye pollock_SumCPUENo,2325513.287036
SPEnglishBay,1994,walleye pollock_MeanCPUEkg,12301.378495625
SPEnglishBay,1994,walleye pollock_MeanCPUENo,27266.4608265455
SPEnglishBay,1994,walleye pollock_SumCPUEkg,1082521.307615
SPEnglishBay,1994,walleye pollock_SumCPUENo,2399448.552736
SPEnglishBay,1995,walleye pollock_MeanCPUEkg,18867.5788009425
SPEnglishBay,1995,walleye pollock_MeanCPUENo,39207.2227664713
SPEnglishBay,1995,walleye pollock_SumCPUEkg,1641479.355682
SPEnglishBay,1995,walleye pollock_SumCPUENo,3411028.380683
SPEnglishBay,1996,walleye pollock_MeanCPUEkg,10578.0677456782
SPEnglishBay,1996,walleye pollock_MeanCPUENo,20149.0407193333
SPEnglishBay,1996,walleye pollock_SumCPUEkg,920291.893874
SPEnglishBay,1996,walleye pollock_SumCPUENo,1752966.542582
SPEnglishBay,1997,walleye pollock_MeanCPUEkg,13489.3042236552
SPEnglishBay,1997,walleye pollock_MeanCPUENo,34674.4786927012
SPEnglishBay,1997,walleye pollock_SumCPUEkg,1173569.467458
SPEnglishBay,1997,walleye pollock_SumCPUENo,3016679.646265
SPEnglishBay,1998,walleye pollock_MeanCPUEkg,5693.20825295402
SPEnglishBay,1998,walleye pollock_MeanCPUENo,14293.0184620345
SPEnglishBay,1998,walleye pollock_SumCPUEkg,495309.118007
SPEnglishBay,1998,walleye pollock_SumCPUENo,1243492.606197
SPEnglishBay,1999,walleye pollock_MeanCPUEkg,16678.9873225747
SPEnglishBay,1999,walleye pollock_MeanCPUENo,34026.4668352874
SPEnglishBay,1999,walleye pollock_SumCPUEkg,1451071.897064
SPEnglishBay,1999,walleye pollock_SumCPUENo,2960302.61467
SPEnglishBay,2000,walleye pollock_MeanCPUEkg,20048.664924
SPEnglishBay,2000,walleye pollock_MeanCPUENo,35705.0602081954
SPEnglishBay,2000,walleye pollock_SumCPUEkg,1744233.848388
SPEnglishBay,2000,walleye pollock_SumCPUENo,3106340.238113
SPEnglishBay,2001,walleye pollock_MeanCPUEkg,14919.0089907701
SPEnglishBay,2001,walleye pollock_MeanCPUENo,26039.5751155632
SPEnglishBay,2001,walleye pollock_SumCPUEkg,1297953.782197
SPEnglishBay,2001,walleye pollock_SumCPUENo,2265443.035054
SPEnglishBay,2002,walleye pollock_MeanCPUEkg,15637.7548686023
SPEnglishBay,2002,walleye pollock_MeanCPUENo,25609.8726106364
SPEnglishBay,2002,walleye pollock_SumCPUEkg,1376122.428437
SPEnglishBay,2002,walleye pollock_SumCPUENo,2253668.789736
SPEnglishBay,2003,walleye pollock_MeanCPUEkg,18660.4581622727
SPEnglishBay,2003,walleye pollock_MeanCPUENo,28651.7016283409
SPEnglishBay,2003,walleye pollock_SumCPUEkg,1642120.31828
SPEnglishBay,2003,walleye pollock_SumCPUENo,2521349.743294
SPEnglishBay,2004,walleye pollock_MeanCPUEkg,13646.9743675287
SPEnglishBay,2004,walleye pollock_MeanCPUENo,21341.7729522529
SPEnglishBay,2004,walleye pollock_SumCPUEkg,1187286.769975
SPEnglishBay,2004,walleye pollock_SumCPUENo,1856734.246846
SPEnglishBay,2005,walleye pollock_MeanCPUEkg,19435.5221946941
SPEnglishBay,2005,walleye pollock_MeanCPUENo,28005.1861843529
SPEnglishBay,2005,walleye pollock_SumCPUEkg,1652019.386549
SPEnglishBay,2005,walleye pollock_SumCPUENo,2380440.82567
SPEnglishBay,2006,walleye pollock_MeanCPUEkg,12884.9879452184
SPEnglishBay,2006,walleye pollock_MeanCPUENo,18851.610340023
SPEnglishBay,2006,walleye pollock_SumCPUEkg,1120993.951234
SPEnglishBay,2006,walleye pollock_SumCPUENo,1640090.099582
SPEnglishBay,2007,walleye pollock_MeanCPUEkg,14944.2428555977
SPEnglishBay,2007,walleye pollock_MeanCPUENo,25303.245037092
SPEnglishBay,2007,walleye pollock_SumCPUEkg,1300149.128437
SPEnglishBay,2007,walleye pollock_SumCPUENo,2201382.318227
SPEnglishBay,2008,walleye pollock_MeanCPUEkg,12060.2546151264
SPEnglishBay,2008,walleye pollock_MeanCPUENo,15990.3553401609
SPEnglishBay,2008,walleye pollock_SumCPUEkg,1049242.151516
SPEnglishBay,2008,walleye pollock_SumCPUENo,1391160.914594
SPEnglishBay,2009,walleye pollock_MeanCPUEkg,10975.9431674138
SPEnglishBay,2009,walleye pollock_MeanCPUENo,15750.0720042069
SPEnglishBay,2009,walleye pollock_SumCPUEkg,954907.055565
SPEnglishBay,2009,walleye pollock_SumCPUENo,1370256.264366
SPEnglishBay,2010,walleye pollock_MeanCPUEkg,16015.5954814138
SPEnglishBay,2010,walleye pollock_MeanCPUENo,23084.6022469655
SPEnglishBay,2010,walleye pollock_SumCPUEkg,1393356.806883
SPEnglishBay,2010,walleye pollock_SumCPUENo,2008360.395486
SPEnglishBay,2011,walleye pollock_MeanCPUEkg,10051.0246443103
SPEnglishBay,2011,walleye pollock_MeanCPUENo,16253.2457099885
SPEnglishBay,2011,walleye pollock_SumCPUEkg,874439.144055
SPEnglishBay,2011,walleye pollock_SumCPUENo,1414032.376769
SPEnglishBay,2012,walleye pollock_MeanCPUEkg,14376.0419754138
SPEnglishBay,2012,walleye pollock_MeanCPUENo,32470.3602495172
SPEnglishBay,2012,walleye pollock_SumCPUEkg,1250715.651861
SPEnglishBay,2012,walleye pollock_SumCPUENo,2824921.341708
SPEnglishBay,2013,walleye pollock_MeanCPUEkg,19961.8258726966
SPEnglishBay,2013,walleye pollock_MeanCPUENo,34580.2220516742
SPEnglishBay,2013,walleye pollock_SumCPUEkg,1776602.50267
SPEnglishBay,2013,walleye pollock_SumCPUENo,3077639.762599
SPEnglishBay,2014,walleye pollock_MeanCPUEkg,24391.2398740909
SPEnglishBay,2014,walleye pollock_MeanCPUENo,38434.1770041705
SPEnglishBay,2014,walleye pollock_SumCPUEkg,2146429.10892
SPEnglishBay,2014,walleye pollock_SumCPUENo,3382207.576367
SPEnglishBay,2015,walleye pollock_MeanCPUEkg,19938.9290019213
SPEnglishBay,2015,walleye pollock_MeanCPUENo,32551.8920578202
SPEnglishBay,2015,walleye pollock_SumCPUEkg,1774564.681171
SPEnglishBay,2015,walleye pollock_SumCPUENo,2897118.393146
SPEnglishBay,2016,walleye pollock_MeanCPUEkg,12851.9917513678
SPEnglishBay,2016,walleye pollock_MeanCPUENo,22617.164824092
SPEnglishBay,2016,walleye pollock_SumCPUEkg,1118123.282369
SPEnglishBay,2016,walleye pollock_SumCPUENo,1967693.339696
SPEnglishBay,2017,walleye pollock_MeanCPUEkg,12902.3751156897
SPEnglishBay,2017,walleye pollock_MeanCPUENo,25693.1369583103
SPEnglishBay,2017,walleye pollock_SumCPUEkg,1122506.635065
SPEnglishBay,2017,walleye pollock_SumCPUENo,2235302.915373
SPEnglishBay,2018,walleye pollock_MeanCPUEkg,7904.08909552273
SPEnglishBay,2018,walleye pollock_MeanCPUENo,14223.136305
SPEnglishBay,2018,walleye pollock_SumCPUEkg,695559.840406
SPEnglishBay,2018,walleye pollock_SumCPUENo,1251635.99484
SPEnglishBay,2019,walleye pollock_MeanCPUEkg,19176.1164975227
SPEnglishBay,2019,walleye pollock_MeanCPUENo,28003.9611447386
SPEnglishBay,2019,walleye pollock_SumCPUEkg,1687498.251782
SPEnglishBay,2019,walleye pollock_SumCPUENo,2464348.580737
SPEnglishBay,2021,walleye pollock_MeanCPUEkg,8085.6608402809
SPEnglishBay,2021,walleye pollock_MeanCPUENo,14534.6521722697
SPEnglishBay,2021,walleye pollock_SumCPUEkg,719623.814785
SPEnglishBay,2021,walleye pollock_SumCPUENo,1293584.043332
SPEnglishBay,2022,walleye pollock_MeanCPUEkg,18868.9124229214
SPEnglishBay,2022,walleye pollock_MeanCPUENo,34716.7405666405
SPEnglishBay,2022,walleye pollock_SumCPUEkg,1679333.20564
SPEnglishBay,2022,walleye pollock_SumCPUENo,3089789.910431
SPReefPoint,1987,walleye pollock_MeanCPUEkg,21723.9251021087
SPReefPoint,1987,walleye pollock_MeanCPUENo,37210.5610039674
SPReefPoint,1987,walleye pollock_SumCPUEkg,1998601.109394
SPReefPoint,1987,walleye pollock_SumCPUENo,3423371.612365
SPReefPoint,1988,walleye pollock_MeanCPUEkg,35070.4273747419
SPReefPoint,1988,walleye pollock_MeanCPUENo,60519.3908834301
SPReefPoint,1988,walleye pollock_SumCPUEkg,3261549.745851
SPReefPoint,1988,walleye pollock_SumCPUENo,5628303.352159
SPReefPoint,1989,walleye pollock_MeanCPUEkg,27031.825771413
SPReefPoint,1989,walleye pollock_MeanCPUENo,40425.0625279239
SPReefPoint,1989,walleye pollock_SumCPUEkg,2486927.97097
SPReefPoint,1989,walleye pollock_SumCPUENo,3719105.752569
SPReefPoint,1990,walleye pollock_MeanCPUEkg,36463.3776278804
SPReefPoint,1990,walleye pollock_MeanCPUENo,50124.1011985435
SPReefPoint,1990,walleye pollock_SumCPUEkg,3354630.741765
SPReefPoint,1990,walleye pollock_SumCPUENo,4611417.310266
SPReefPoint,1991,walleye pollock_MeanCPUEkg,19702.9344364086
SPReefPoint,1991,walleye pollock_MeanCPUENo,31927.0257187634
SPReefPoint,1991,walleye pollock_SumCPUEkg,1832372.902586
SPReefPoint,1991,walleye pollock_SumCPUENo,2969213.391845
SPReefPoint,1992,walleye pollock_MeanCPUEkg,20258.4708868913
SPReefPoint,1992,walleye pollock_MeanCPUENo,31845.8989401739
SPReefPoint,1992,walleye pollock_SumCPUEkg,1863779.321594
SPReefPoint,1992,walleye pollock_SumCPUENo,2929822.702496
SPReefPoint,1993,walleye pollock_MeanCPUEkg,17870.8826352747
SPReefPoint,1993,walleye pollock_MeanCPUENo,29082.1660215055
SPReefPoint,1993,walleye pollock_SumCPUEkg,1626250.31981
SPReefPoint,1993,walleye pollock_SumCPUENo,2646477.107957
SPReefPoint,1994,walleye pollock_MeanCPUEkg,14587.4947102065
SPReefPoint,1994,walleye pollock_MeanCPUENo,28935.3967328913
SPReefPoint,1994,walleye pollock_SumCPUEkg,1342049.513339
SPReefPoint,1994,walleye pollock_SumCPUENo,2662056.499426
SPReefPoint,1995,walleye pollock_MeanCPUEkg,21437.4136963696
SPReefPoint,1995,walleye pollock_MeanCPUENo,40886.7226176087
SPReefPoint,1995,walleye pollock_SumCPUEkg,1972242.060066
SPReefPoint,1995,walleye pollock_SumCPUENo,3761578.48082
SPReefPoint,1996,walleye pollock_MeanCPUEkg,14057.3131792609
SPReefPoint,1996,walleye pollock_MeanCPUENo,24148.2084393587
SPReefPoint,1996,walleye pollock_SumCPUEkg,1293272.812492
SPReefPoint,1996,walleye pollock_SumCPUENo,2221635.176421
SPReefPoint,1997,walleye pollock_MeanCPUEkg,12413.1769734409
SPReefPoint,1997,walleye pollock_MeanCPUENo,27603.8880886667
SPReefPoint,1997,walleye pollock_SumCPUEkg,1154425.45853
SPReefPoint,1997,walleye pollock_SumCPUENo,2567161.592246
SPReefPoint,1998,walleye pollock_MeanCPUEkg,6414.73715782418
SPReefPoint,1998,walleye pollock_MeanCPUENo,14531.9114061209
SPReefPoint,1998,walleye pollock_SumCPUEkg,583741.081362
SPReefPoint,1998,walleye pollock_SumCPUENo,1322403.937957
SPReefPoint,1999,walleye pollock_MeanCPUEkg,15024.9621069783
SPReefPoint,1999,walleye pollock_MeanCPUENo,29999.148728
SPReefPoint,1999,walleye pollock_SumCPUEkg,1382296.513842
SPReefPoint,1999,walleye pollock_SumCPUENo,2759921.682976
SPReefPoint,2000,walleye pollock_MeanCPUEkg,18020.0681257143
SPReefPoint,2000,walleye pollock_MeanCPUENo,31672.1405625275
SPReefPoint,2000,walleye pollock_SumCPUEkg,1639826.19944
SPReefPoint,2000,walleye pollock_SumCPUENo,2882164.79119
SPReefPoint,2001,walleye pollock_MeanCPUEkg,13897.3399555161
SPReefPoint,2001,walleye pollock_MeanCPUENo,29123.9305233656
SPReefPoint,2001,walleye pollock_SumCPUEkg,1292452.615863
SPReefPoint,2001,walleye pollock_SumCPUENo,2708525.538673
SPReefPoint,2002,walleye pollock_MeanCPUEkg,14708.0536730989
SPReefPoint,2002,walleye pollock_MeanCPUENo,25344.6174578901
SPReefPoint,2002,walleye pollock_SumCPUEkg,1338432.884252
SPReefPoint,2002,walleye pollock_SumCPUENo,2306360.188668
SPReefPoint,2003,walleye pollock_MeanCPUEkg,16172.4146284565
SPReefPoint,2003,walleye pollock_MeanCPUENo,22250.2790939565
SPReefPoint,2003,walleye pollock_SumCPUEkg,1487862.145818
SPReefPoint,2003,walleye pollock_SumCPUENo,2047025.676644
SPReefPoint,2004,walleye pollock_MeanCPUEkg,19078.4411421304
SPReefPoint,2004,walleye pollock_MeanCPUENo,28073.0983085652
SPReefPoint,2004,walleye pollock_SumCPUEkg,1755216.585076
SPReefPoint,2004,walleye pollock_SumCPUENo,2582725.044388
SPReefPoint,2005,walleye pollock_MeanCPUEkg,21009.8797418333
SPReefPoint,2005,walleye pollock_MeanCPUENo,29024.9957414222
SPReefPoint,2005,walleye pollock_SumCPUEkg,1890889.176765
SPReefPoint,2005,walleye pollock_SumCPUENo,2612249.616728
SPReefPoint,2006,walleye pollock_MeanCPUEkg,14442.0966098696
SPReefPoint,2006,walleye pollock_MeanCPUENo,20155.9036504239
SPReefPoint,2006,walleye pollock_SumCPUEkg,1328672.888108
SPReefPoint,2006,walleye pollock_SumCPUENo,1854343.135839
SPReefPoint,2007,walleye pollock_MeanCPUEkg,13807.5511927419
SPReefPoint,2007,walleye pollock_MeanCPUENo,20927.3658603333
SPReefPoint,2007,walleye pollock_SumCPUEkg,1284102.260925
SPReefPoint,2007,walleye pollock_SumCPUENo,1946245.025011
SPReefPoint,2008,walleye pollock_MeanCPUEkg,10799.7922485435
SPReefPoint,2008,walleye pollock_MeanCPUENo,12460.5038876522
SPReefPoint,2008,walleye pollock_SumCPUEkg,993580.886866
SPReefPoint,2008,walleye pollock_SumCPUENo,1146366.357664
SPReefPoint,2009,walleye pollock_MeanCPUEkg,9519.98229851613
SPReefPoint,2009,walleye pollock_MeanCPUENo,13252.0402399892
SPReefPoint,2009,walleye pollock_SumCPUEkg,885358.353762
SPReefPoint,2009,walleye pollock_SumCPUENo,1232439.742319
SPReefPoint,2010,walleye pollock_MeanCPUEkg,13750.3342745435
SPReefPoint,2010,walleye pollock_MeanCPUENo,19098.3871543478
SPReefPoint,2010,walleye pollock_SumCPUEkg,1265030.753258
SPReefPoint,2010,walleye pollock_SumCPUENo,1757051.6182
SPReefPoint,2011,walleye pollock_MeanCPUEkg,12332.1412230217
SPReefPoint,2011,walleye pollock_MeanCPUENo,18057.6275597826
SPReefPoint,2011,walleye pollock_SumCPUEkg,1134556.992518
SPReefPoint,2011,walleye pollock_SumCPUENo,1661301.7355
SPReefPoint,2012,walleye pollock_MeanCPUEkg,13403.6307793333
SPReefPoint,2012,walleye pollock_MeanCPUENo,26283.7723866989
SPReefPoint,2012,walleye pollock_SumCPUEkg,1246537.662478
SPReefPoint,2012,walleye pollock_SumCPUENo,2444390.831963
SPReefPoint,2013,walleye pollock_MeanCPUEkg,17609.2651465699
SPReefPoint,2013,walleye pollock_MeanCPUENo,29029.270153914
SPReefPoint,2013,walleye pollock_SumCPUEkg,1637661.658631
SPReefPoint,2013,walleye pollock_SumCPUENo,2699722.124314
SPReefPoint,2014,walleye pollock_MeanCPUEkg,25425.9025907609
SPReefPoint,2014,walleye pollock_MeanCPUENo,37224.8935120217
SPReefPoint,2014,walleye pollock_SumCPUEkg,2339183.03835
SPReefPoint,2014,walleye pollock_SumCPUENo,3424690.203106
SPReefPoint,2015,walleye pollock_MeanCPUEkg,19318.6009717174
SPReefPoint,2015,walleye pollock_MeanCPUENo,32622.9709136413
SPReefPoint,2015,walleye pollock_SumCPUEkg,1777311.289398
SPReefPoint,2015,walleye pollock_SumCPUENo,3001313.324055
SPReefPoint,2016,walleye pollock_MeanCPUEkg,10450.0944823011
SPReefPoint,2016,walleye pollock_MeanCPUENo,17190.8854086344
SPReefPoint,2016,walleye pollock_SumCPUEkg,971858.786854
SPReefPoint,2016,walleye pollock_SumCPUENo,1598752.343003
SPReefPoint,2017,walleye pollock_MeanCPUEkg,13679.2233502609
SPReefPoint,2017,walleye pollock_MeanCPUENo,24562.6573159891
SPReefPoint,2017,walleye pollock_SumCPUEkg,1258488.548224
SPReefPoint,2017,walleye pollock_SumCPUENo,2259764.473071
SPReefPoint,2018,walleye pollock_MeanCPUEkg,5584.46976417391
SPReefPoint,2018,walleye pollock_MeanCPUENo,10082.1431569457
SPReefPoint,2018,walleye pollock_SumCPUEkg,513771.218304
SPReefPoint,2018,walleye pollock_SumCPUENo,927557.170439
SPReefPoint,2019,walleye pollock_MeanCPUEkg,15958.2804564946
SPReefPoint,2019,walleye pollock_MeanCPUENo,22540.6987980753
SPReefPoint,2019,walleye pollock_SumCPUEkg,1484120.082454
SPReefPoint,2019,walleye pollock_SumCPUENo,2096284.988221
SPReefPoint,2021,walleye pollock_MeanCPUEkg,7092.78094819565
SPReefPoint,2021,walleye pollock_MeanCPUENo,11513.6474587174
SPReefPoint,2021,walleye pollock_SumCPUEkg,652535.847234
SPReefPoint,2021,walleye pollock_SumCPUENo,1059255.566202
SPReefPoint,2022,walleye pollock_MeanCPUEkg,18075.9544690645
SPReefPoint,2022,walleye pollock_MeanCPUENo,32486.5810844946
SPReefPoint,2022,walleye pollock_SumCPUEkg,1681063.765623
SPReefPoint,2022,walleye pollock_SumCPUENo,3021252.040858
SGNorth,1987,bottS,4.0688328742981
SGSouth,1987,bottS,4.26563310623169
SPEast,1987,bottS,3.11520028114319
SPEnglishBay,1987,bottS,3.19865369796753
SPReefPoint,1987,bottS,3.79242277145386
SGNorth,1988,bottS,2.91558480262756
SGSouth,1988,bottS,3.67599034309387
SPEast,1988,bottS,1.41553592681885
SPEnglishBay,1988,bottS,1.75741899013519
SPReefPoint,1988,bottS,2.41957187652588
SGNorth,1989,bottS,3.28635835647583
SGSouth,1989,bottS,3.65145778656006
SPEast,1989,bottS,3.03574323654175
SPEnglishBay,1989,bottS,3.05151748657227
SPReefPoint,1989,bottS,3.32269692420959
SGNorth,1990,bottS,3.12474393844605
SGSouth,1990,bottS,3.67915272712708
SPEast,1990,bottS,1.34183371067047
SPEnglishBay,1990,bottS,1.49466943740845
SPReefPoint,1990,bottS,2.45716238021851
SGNorth,1991,bottS,3.1094434261322
SGSouth,1991,bottS,3.48710942268372
SPEast,1991,bottS,1.74673867225647
SPEnglishBay,1991,bottS,1.72520005702972
SPReefPoint,1991,bottS,2.59219813346863
SGNorth,1992,bottS,1.93080615997314
SGSouth,1992,bottS,2.23358392715454
SPEast,1992,bottS,0.661213994026184
SPEnglishBay,1992,bottS,1.28122913837433
SPReefPoint,1992,bottS,1.71527433395386
SGNorth,1993,bottS,3.41471791267395
SGSouth,1993,bottS,3.93544769287109
SPEast,1993,bottS,2.40717673301697
SPEnglishBay,1993,bottS,2.57944059371948
SPReefPoint,1993,bottS,3.13964986801147
SGNorth,1994,bottS,2.69108724594116
SGSouth,1994,bottS,3.42440414428711
SPEast,1994,bottS,0.220535680651665
SPEnglishBay,1994,bottS,0.576910734176636
SPReefPoint,1994,bottS,1.65699124336243
SGNorth,1995,bottS,1.91371655464172
SGSouth,1995,bottS,2.70324969291687
SPEast,1995,bottS,0.474935293197632
SPEnglishBay,1995,bottS,1.12606620788574
SPReefPoint,1995,bottS,1.60097992420197
SGNorth,1996,bottS,3.5202956199646
SGSouth,1996,bottS,4.20211791992188
SPEast,1996,bottS,2.44644927978516
SPEnglishBay,1996,bottS,2.96708416938782
SPReefPoint,1996,bottS,3.37320876121521
SGNorth,1997,bottS,2.88225507736206
SGSouth,1997,bottS,3.94947147369385
SPEast,1997,bottS,1.69717657566071
SPEnglishBay,1997,bottS,2.51741886138916
SPReefPoint,1997,bottS,2.85562467575073
SGNorth,1998,bottS,3.66388034820557
SGSouth,1998,bottS,3.8638174533844
SPEast,1998,bottS,2.63929915428162
SPEnglishBay,1998,bottS,2.48607587814331
SPReefPoint,1998,bottS,3.13289403915405
SGNorth,1999,bottS,2.25139403343201
SGSouth,1999,bottS,3.00377440452576
SPEast,1999,bottS,0.475174337625504
SPEnglishBay,1999,bottS,1.00008487701416
SPReefPoint,1999,bottS,1.8249260187149
SGNorth,2000,bottS,2.86184668540955
SGSouth,2000,bottS,3.45661163330078
SPEast,2000,bottS,2.08499670028687
SPEnglishBay,2000,bottS,2.44743967056274
SPReefPoint,2000,bottS,2.79041647911072
SGNorth,2001,bottS,3.47900295257568
SGSouth,2001,bottS,3.86377167701721
SPEast,2001,bottS,1.99713683128357
SPEnglishBay,2001,bottS,2.50954627990723
SPReefPoint,2001,bottS,3.08822894096375
SGNorth,2002,bottS,3.5438768863678
SGSouth,2002,bottS,3.74189877510071
SPEast,2002,bottS,2.74862957000732
SPEnglishBay,2002,bottS,2.80071306228638
SPReefPoint,2002,bottS,3.25091934204102
SGNorth,2003,bottS,4.08569240570068
SGSouth,2003,bottS,4.62695169448853
SPEast,2003,bottS,3.35362815856934
SPEnglishBay,2003,bottS,3.76399803161621
SPReefPoint,2003,bottS,4.08238697052002
SGNorth,2004,bottS,3.71868944168091
SGSouth,2004,bottS,4.18255996704102
SPEast,2004,bottS,2.60907435417175
SPEnglishBay,2004,bottS,2.82617974281311
SPReefPoint,2004,bottS,3.46447372436523
SGNorth,2005,bottS,3.97755932807922
SGSouth,2005,bottS,4.38945722579956
SPEast,2005,bottS,2.7891891002655
SPEnglishBay,2005,bottS,3.21721720695496
SPReefPoint,2005,bottS,3.76195979118347
SGNorth,2006,bottS,2.98522710800171
SGSouth,2006,bottS,3.82556915283203
SPEast,2006,bottS,0.710048139095306
SPEnglishBay,2006,bottS,1.42040252685547
SPReefPoint,2006,bottS,2.33496427536011
SGNorth,2007,bottS,2.42153167724609
SGSouth,2007,bottS,3.32487869262695
SPEast,2007,bottS,0.473944336175919
SPEnglishBay,2007,bottS,1.06449711322784
SPReefPoint,2007,bottS,1.77010810375214
SGNorth,2008,bottS,2.13021159172058
SGSouth,2008,bottS,3.08394837379456
SPEast,2008,bottS,0.438179820775986
SPEnglishBay,2008,bottS,1.08829247951508
SPReefPoint,2008,bottS,1.68890237808228
SGNorth,2009,bottS,1.72350239753723
SGSouth,2009,bottS,3.06096196174622
SPEast,2009,bottS,0.121847428381443
SPEnglishBay,2009,bottS,1.08925831317902
SPReefPoint,2009,bottS,1.35762619972229
SGNorth,2010,bottS,2.02939653396606
SGSouth,2010,bottS,3.18387746810913
SPEast,2010,bottS,0.241827338933945
SPEnglishBay,2010,bottS,1.4859037399292
SPReefPoint,2010,bottS,1.78698933124542
SGNorth,2011,bottS,3.05884957313538
SGSouth,2011,bottS,3.59744572639465
SPEast,2011,bottS,1.67094588279724
SPEnglishBay,2011,bottS,2.02063608169556
SPReefPoint,2011,bottS,2.68325638771057
SGNorth,2012,bottS,1.63039970397949
SGSouth,2012,bottS,2.54693841934204
SPEast,2012,bottS,-0.0415657944977284
SPEnglishBay,2012,bottS,0.561434268951416
SPReefPoint,2012,bottS,1.08319008350372
SGNorth,2013,bottS,2.34885382652283
SGSouth,2013,bottS,3.24076724052429
SPEast,2013,bottS,0.670209527015686
SPEnglishBay,2013,bottS,1.21702194213867
SPReefPoint,2013,bottS,1.87080359458923
SGNorth,2014,bottS,3.70382738113403
SGSouth,2014,bottS,4.14458560943604
SPEast,2014,bottS,2.15842294692993
SPEnglishBay,2014,bottS,2.40855503082275
SPReefPoint,2014,bottS,3.21621417999268
SGNorth,2015,bottS,4.36093902587891
SGSouth,2015,bottS,4.76273202896118
SPEast,2015,bottS,2.09839057922363
SPEnglishBay,2015,bottS,2.17318153381348
SPReefPoint,2015,bottS,3.46699357032776
SGNorth,2016,bottS,4.77374362945557
SGSouth,2016,bottS,4.81613445281982
SPEast,2016,bottS,3.96003150939941
SPEnglishBay,2016,bottS,3.60897302627564
SPReefPoint,2016,bottS,4.31066179275513
SGNorth,2017,bottS,2.9881546497345
SGSouth,2017,bottS,4.10072469711304
SPEast,2017,bottS,1.80443072319031
SPEnglishBay,2017,bottS,2.67154479026794
SPReefPoint,2017,bottS,2.94680213928223
SGNorth,2018,bottS,4.43931150436401
SGSouth,2018,bottS,4.53707218170166
SPEast,2018,bottS,3.92761278152466
SPEnglishBay,2018,bottS,3.71491646766663
SPReefPoint,2018,bottS,4.12635469436646
SGNorth,2019,bottS,4.4768705368042
SGSouth,2019,bottS,4.61965847015381
SPEast,2019,bottS,3.79587650299072
SPEnglishBay,2019,bottS,3.73886561393738
SPReefPoint,2019,bottS,4.15525341033936
SGNorth,2021,bottS,3.90731883049011
SGSouth,2021,bottS,4.21983623504639
SPEast,2021,bottS,3.34352278709412
SPEnglishBay,2021,bottS,3.30776953697205
SPReefPoint,2021,bottS,3.68427085876465
SGNorth,2022,bottS,2.9662561416626
SGSouth,2022,bottS,3.68008399009705
SPEast,2022,bottS,1.33497869968414
SPEnglishBay,2022,bottS,1.7244154214859
SPReefPoint,2022,bottS,2.38298273086548
SGNorth,1987,sstS,6.79117441177368
SGSouth,1987,sstS,7.77907609939575
SPEast,1987,sstS,7.39275932312012
SPEnglishBay,1987,sstS,8.77314853668213
SPReefPoint,1987,sstS,7.99093437194824
SGNorth,1988,sstS,7.00026988983154
SGSouth,1988,sstS,7.52288484573364
SPEast,1988,sstS,6.8651704788208
SPEnglishBay,1988,sstS,7.80538606643677
SPReefPoint,1988,sstS,7.58910226821899
SGNorth,1989,sstS,6.92177724838257
SGSouth,1989,sstS,7.78118181228638
SPEast,1989,sstS,7.22311639785767
SPEnglishBay,1989,sstS,8.00986957550049
SPReefPoint,1989,sstS,7.62708806991577
SGNorth,1990,sstS,7.33026933670044
SGSouth,1990,sstS,7.92662954330444
SPEast,1990,sstS,7.58421850204468
SPEnglishBay,1990,sstS,8.52707576751709
SPReefPoint,1990,sstS,8.12907886505127
SGNorth,1991,sstS,8.24110126495361
SGSouth,1991,sstS,9.6729679107666
SPEast,1991,sstS,8.5253324508667
SPEnglishBay,1991,sstS,8.99476718902588
SPReefPoint,1991,sstS,8.8832950592041
SGNorth,1992,sstS,7.06521368026733
SGSouth,1992,sstS,6.99626874923706
SPEast,1992,sstS,6.70011520385742
SPEnglishBay,1992,sstS,7.59988117218018
SPReefPoint,1992,sstS,7.36162710189819
SGNorth,1993,sstS,7.22906494140625
SGSouth,1993,sstS,7.57152652740479
SPEast,1993,sstS,6.83535099029541
SPEnglishBay,1993,sstS,7.87288951873779
SPReefPoint,1993,sstS,7.66767311096191
SGNorth,1994,sstS,5.99003839492798
SGSouth,1994,sstS,6.73190879821777
SPEast,1994,sstS,5.61990833282471
SPEnglishBay,1994,sstS,6.28730630874634
SPReefPoint,1994,sstS,6.20666837692261
SGNorth,1995,sstS,5.99256944656372
SGSouth,1995,sstS,6.63410234451294
SPEast,1995,sstS,5.67725276947022
SPEnglishBay,1995,sstS,6.86373424530029
SPReefPoint,1995,sstS,6.43752574920654
SGNorth,1996,sstS,6.85079479217529
SGSouth,1996,sstS,7.8605523109436
SPEast,1996,sstS,6.36854600906372
SPEnglishBay,1996,sstS,7.78609085083008
SPReefPoint,1996,sstS,7.44078540802002
SGNorth,1997,sstS,8.07277584075928
SGSouth,1997,sstS,8.11586093902588
SPEast,1997,sstS,7.66805171966553
SPEnglishBay,1997,sstS,8.40871524810791
SPReefPoint,1997,sstS,8.37004852294922
SGNorth,1998,sstS,7.96735811233521
SGSouth,1998,sstS,8.23800754547119
SPEast,1998,sstS,8.12959003448486
SPEnglishBay,1998,sstS,8.32394886016846
SPReefPoint,1998,sstS,8.17974281311035
SGNorth,1999,sstS,4.43871021270752
SGSouth,1999,sstS,5.32513284683228
SPEast,1999,sstS,4.10355710983276
SPEnglishBay,1999,sstS,5.3627667427063
SPReefPoint,1999,sstS,5.1368727684021
SGNorth,2000,sstS,6.15226364135742
SGSouth,2000,sstS,6.73261594772339
SPEast,2000,sstS,6.89653205871582
SPEnglishBay,2000,sstS,8.63868808746338
SPReefPoint,2000,sstS,7.74321794509888
SGNorth,2001,sstS,6.85132694244385
SGSouth,2001,sstS,6.68240165710449
SPEast,2001,sstS,6.04385280609131
SPEnglishBay,2001,sstS,6.58902549743652
SPReefPoint,2001,sstS,6.8127498626709
SGNorth,2002,sstS,7.51395893096924
SGSouth,2002,sstS,8.0758638381958
SPEast,2002,sstS,7.19536685943604
SPEnglishBay,2002,sstS,7.72932195663452
SPReefPoint,2002,sstS,7.78909873962402
SGNorth,2003,sstS,7.84041261672974
SGSouth,2003,sstS,7.92480134963989
SPEast,2003,sstS,7.99097394943237
SPEnglishBay,2003,sstS,8.70367813110352
SPReefPoint,2003,sstS,8.39192295074463
SGNorth,2004,sstS,8.34818458557129
SGSouth,2004,sstS,8.43035697937012
SPEast,2004,sstS,8.7498664855957
SPEnglishBay,2004,sstS,9.35929775238037
SPReefPoint,2004,sstS,9.11477088928223
SGNorth,2005,sstS,7.64533853530884
SGSouth,2005,sstS,8.22783756256104
SPEast,2005,sstS,7.95194149017334
SPEnglishBay,2005,sstS,8.58880043029785
SPReefPoint,2005,sstS,8.28264045715332
SGNorth,2006,sstS,6.64544582366943
SGSouth,2006,sstS,7.86744213104248
SPEast,2006,sstS,5.37719106674194
SPEnglishBay,2006,sstS,6.56760883331299
SPReefPoint,2006,sstS,6.8320631980896
SGNorth,2007,sstS,6.13421440124512
SGSouth,2007,sstS,6.73768091201782
SPEast,2007,sstS,6.4399619102478
SPEnglishBay,2007,sstS,7.65253353118897
SPReefPoint,2007,sstS,6.8378119468689
SGNorth,2008,sstS,5.26821708679199
SGSouth,2008,sstS,6.57891035079956
SPEast,2008,sstS,4.30310583114624
SPEnglishBay,2008,sstS,5.42271137237549
SPReefPoint,2008,sstS,5.4505410194397
SGNorth,2009,sstS,5.460533618927
SGSouth,2009,sstS,6.11114692687988
SPEast,2009,sstS,5.04941511154175
SPEnglishBay,2009,sstS,5.83829593658447
SPReefPoint,2009,sstS,5.80350685119629
SGNorth,2010,sstS,4.74695158004761
SGSouth,2010,sstS,5.672203540802
SPEast,2010,sstS,5.26199960708618
SPEnglishBay,2010,sstS,6.64780235290527
SPReefPoint,2010,sstS,5.6222128868103
SGNorth,2011,sstS,5.98410606384277
SGSouth,2011,sstS,6.1523756980896
SPEast,2011,sstS,4.56962728500366
SPEnglishBay,2011,sstS,5.51334142684937
SPReefPoint,2011,sstS,5.79806995391846
SGNorth,2012,sstS,5.15717363357544
SGSouth,2012,sstS,6.67353010177612
SPEast,2012,sstS,5.1340217590332
SPEnglishBay,2012,sstS,6.39257621765137
SPReefPoint,2012,sstS,5.91302347183228
SGNorth,2013,sstS,5.57985734939575
SGSouth,2013,sstS,5.57828950881958
SPEast,2013,sstS,5.75793266296387
SPEnglishBay,2013,sstS,7.48754072189331
SPReefPoint,2013,sstS,6.4847264289856
SGNorth,2014,sstS,8.74118518829346
SGSouth,2014,sstS,9.79128170013428
SPEast,2014,sstS,8.33024024963379
SPEnglishBay,2014,sstS,9.47712993621826
SPReefPoint,2014,sstS,9.34531211853027
SGNorth,2015,sstS,8.13920593261719
SGSouth,2015,sstS,8.79711246490479
SPEast,2015,sstS,6.94302797317505
SPEnglishBay,2015,sstS,7.81337213516235
SPReefPoint,2015,sstS,8.23599815368652
SGNorth,2016,sstS,9.02279758453369
SGSouth,2016,sstS,8.79739856719971
SPEast,2016,sstS,10.2676038742065
SPEnglishBay,2016,sstS,11.0568876266479
SPReefPoint,2016,sstS,10.0838346481323
SGNorth,2017,sstS,8.45230007171631
SGSouth,2017,sstS,8.33754444122315
SPEast,2017,sstS,8.14574241638184
SPEnglishBay,2017,sstS,8.76933002471924
SPReefPoint,2017,sstS,8.50060939788818
SGNorth,2018,sstS,7.89094161987305
SGSouth,2018,sstS,8.05645942687988
SPEast,2018,sstS,7.7052640914917
SPEnglishBay,2018,sstS,8.02382946014404
SPReefPoint,2018,sstS,8.06816959381104
SGNorth,2019,sstS,9.26155662536621
SGSouth,2019,sstS,9.42984676361084
SPEast,2019,sstS,9.51044750213623
SPEnglishBay,2019,sstS,10.0948848724365
SPReefPoint,2019,sstS,9.84237670898438
SGNorth,2021,sstS,7.60805130004883
SGSouth,2021,sstS,8.40458297729492
SPEast,2021,sstS,7.93215179443359
SPEnglishBay,2021,sstS,8.65913677215576
SPReefPoint,2021,sstS,8.39464569091797
SGNorth,2022,sstS,7.32839775085449
SGSouth,2022,sstS,7.04469442367554
SPEast,2022,sstS,7.26214408874512
SPEnglishBay,2022,sstS,7.96652126312256
SPReefPoint,2022,sstS,7.71733617782593
