year,rcod,aug_date,rookeryNum,deadPups,pupsBorn,SE_pups,harBulls,idlBulls,totBulls,notes
1987,LUK,20,1,183,4186,,76,45,121,
1987,KIT,20,2,288,8121,,219,66,285,
1987,REE,23,3,880,20503,,427,254,681,
1987,GOR,22,4,697,12877,,280,210,490,
1987,ARD,22,5,114,3294,,57,16,73,
1987,MOR,22,6,336,11354,,245,143,388,
1987,VOS,22,7,771,26776,,570,279,849,
1987,POL,20,8,48,1978,,56,122,178,
1987,LPO,20,9,16,368,,19,34,53,
1987,PCL,20,10,536,14862,,318,81,399,
1987,TOL,21,11,1368,23818,,483,169,652,
1987,ZAR,23,12,334,7740,,145,60,205,
1987,LZA,23,13,878,13456,,288,69,357,
1987,ZAP,23,14,1308,22179,,453,344,797,
1987,SOU,,21,,,,203,139,342,
1987,NOR,,22,,,,529,305,834,
1987,ERE,,23,,,,80,54,134,
1987,ECL,,24,,,,229,336,565,
1987,STA,,25,,,,96,158,254,
1987,SGZ,,26,,,,166,291,457,
1988,LUK,20,1,204,4751,,86,71,157,
1988,KIT,19,2,307,,,214,130,344,
1988,REE,15,3,727,,,393,328,721,
1988,GOR,14,4,487,,,268,279,547,
1988,ARD,14,5,63,,,66,15,81,
1988,MOR,16,6,391,,,228,275,503,
1988,VOS,19,7,959,31188,,568,385,953,
1988,POL,19,8,53,,,43,209,252,
1988,LPO,15,9,10,278,,14,86,100,
1988,PCL,15,10,451,,,304,162,466,
1988,TOL,20,11,1314,,,511,375,886,
1988,ZAR,18,12,384,,,142,135,277,
1988,LZA,20,13,820,17190,,287,224,511,
1988,ZAP,19,14,1029,26535,,461,527,988,
1988,SOU,17,21,157,4383,,276,147,423,
1988,NOR,16,22,534,9488,,415,542,957,
1988,ERE,15,23,12,690,,60,52,112,
1988,ECL,15,24,246,3878,,237,191,428,
1988,STA,15,25,111,2652,,96,184,280,
1988,SGZ,17,26,151,3728,,175,142,317,
1989,LUK,16,1,184,,,106,146,252,
1989,KIT,15,2,282,,,223,258,481,
1989,REE,18,3,918,22776,,466,724,1190,
1989,GOR,14,4,796,,,320,537,857,
1989,ARD,18,5,129,2501,,77,27,104,
1989,MOR,16,6,387,,,327,399,726,
1989,VOS,17,7,1099,26097,,778,766,1544,
1989,POL,16,8,50,,,39,307,346,
1989,LPO,,9,0,,,13,210,223,
1989,PCL,16,10,462,16231,,345,247,592,
1989,TOL,19,11,1526,,,519,702,1221,
1989,ZAR,20,12,485,,,162,338,500,
1989,LZA,20,13,1044,,,332,334,666,
1989,ZAP,20,14,1734,,,590,1405,1995,
1989,SOU,,21,,,,227,106,333,
1989,NOR,,22,,,,452,365,817,
1989,ERE,,23,,,,54,57,111,
1989,ECL,,24,,,,234,265,499,
1989,STA,,25,,,,87,126,213,
1989,SGZ,,26,,,,187,244,431,
1990,LUK,24,1,586,4680,862,129,215,344,
1990,KIT,24,2,424,9638,699,230,477,707,
1990,REE,20,3,1378,23725,487,484,561,1045,
1990,GOR,24,4,640,15960,912,361,702,1063,
1990,ARD,24,5,121,2430,372,78,33,111,
1990,MOR,20,6,396,13235,582,341,883,1224,
1990,VOS,22,7,981,32220,1486,785,970,1755,
1990,POL,21,8,54,2244,79,60,331,391,
1990,LPO,,9,,,,15,91,106,
1990,PCL,21,10,652,18009,562,407,440,847,
1990,TOL,23,11,1145,27891,183,552,1169,1721,
1990,ZAR,23,12,443,6057,462,142,199,341,
1990,LZA,23,13,918,17636,538,323,453,776,
1990,ZAP,22,14,1367,26897,2833,523,1105,1628,
1990,SOU,17,21,135,4102,561,178,144,322,
1990,NOR,16,22,435,8927,1193,337,449,786,
1990,ERE,17,23,7,796,40,54,230,284,
1990,ECL,17,24,119,3926,1485,150,232,382,
1990,STA,16,25,111,1989,508,68,161,229,
1990,SGZ,17,26,121,3657,122,122,450,572,
1991,LUK,,1,,,,103,228,331,
1991,KIT,,2,,,,225,492,717,
1991,REE,,3,,,,485,1107,1592,
1991,GOR,,4,,,,388,919,1307,
1991,ARD,,5,,,,86,54,140,
1991,MOR,,6,,,,391,807,1198,
1991,VOS,,7,,,,869,1054,1923,
1991,POL,,8,,,,57,469,526,
1991,LPO,,9,,,,13,517,530,
1991,PCL,,10,,,,433,484,917,
1991,TOL,,11,,,,567,1199,1766,
1991,ZAR,,12,,,,170,521,691,
1991,LZA,,13,,,,391,475,866,
1991,ZAP,,14,,,,551,1217,1768,
1991,SOU,,21,,,,145,96,241,
1991,NOR,,22,,,,229,396,625,
1991,ERE,,23,,,,52,64,116,
1991,ECL,,24,,,,192,345,537,
1991,STA,,25,,,,34,171,205,
1991,SGZ,,26,,,,84,199,283,
1992,LUK,24,1,204,3815,146.6,119,295,414,
1992,KIT,24,2,221,7283,214.8,313,556,869,
1992,REE,22,3,1247,21446,1242.2,536,1068,1604,
1992,GOR,19,4,767,16456,69.8,468,1060,1528,
1992,ARD,22,5,54,2015,18.6,77,33,110,
1992,MOR,17,6,514,13429,352.9,465,844,1309,
1992,VOS,20,7,949,29530,8501.2,936,1690,2626,
1992,POL,22,8,49,1891,159.6,66,363,426,
1992,LPO,,9,0,0,,18,414,432,
1992,PCL,22,10,554,16059,172.5,502,432,934,
1992,TOL,18,11,1409,23113,768.7,790,1085,1875,
1992,ZAR,17,12,402,6841,385.8,159,721,880,
1992,LZA,19,13,632,15043,2174.6,342,730,1072,
1992,ZAP,23,14,1495,24915,69.7,669,1649,2318,
1992,SOU,15,21,228,4222,73.2,200,223,423,
1992,NOR,14,22,202,9334,601.8,360,528,888,
1992,ERE,14,23,8,777,9.5,56,103,159,
1992,ECL,14,24,99,4992,271.6,209,411,620,
1992,STA,15,25,103,2019,199.5,75,153,228,
1992,SGZ,15,26,166,3816,137.7,128,416,544,
1993,LUK,,1,,,,160,223,383,
1993,KIT,,2,,,,321,468,789,
1993,REE,,3,,,,770,1231,2001,
1993,GOR,,4,,,,546,1254,1800,
1993,ARD,,5,,,,96,43,139,
1993,MOR,,6,,,,508,638,1146,
1993,VOS,,7,,,,1129,1278,2407,
1993,POL,,8,,,,80,280,360,
1993,LPO,,9,,,,18,374,392,
1993,PCL,,10,,,,604,424,1028,
1993,TOL,,11,,,,760,778,1538,
1993,ZAR,,12,,,,243,403,646,
1993,LZA,,13,,,,450,611,1061,
1993,ZAP,,14,,,,720,1296,2016,
1993,SOU,,21,,,,218,168,386,
1993,NOR,,22,,,,429,421,850,
1993,ERE,,23,,,,37,120,157,
1993,ECL,,24,,,,230,309,539,
1993,STA,,25,,,,71,166,237,
1993,SGZ,,26,,,,138,238,376,
1994,LUK,20,1,245,3880,90.8,158,266,424,
1994,KIT,23,2,174,6511,10.4,244,485,729,
1994,REE,23,3,1088,22529,377.9,811,1434,2245,
1994,GOR,20,4,779,15481,159.1,477,1514,1991,
1994,ARD,20,5,85,2503,157.6,109,32,141,
1994,MOR,24,6,362,13518,304.3,298,736,1033,
1994,VOS,19,7,1026,28046,1799.8,861,1063,1924,
1994,POL,22,8,54,2358,82.8,85,420,505,
1994,LPO,,9,,,,15,587,602,
1994,PCL,22,10,380,16605,334.4,589,584,1173,
1994,TOL,21,11,1152,25747,122.5,633,852,1485,
1994,ZAR,21,12,386,7659,210.1,232,431,663,
1994,LZA,25,13,996,17263,404.2,530,520,1050,
1994,ZAP,25,14,1431,29499,491,674,1090,1764,
1994,SOU,23,21,117,4273,305.9,217,155,485,
1994,NOR,22,22,358,7871,46.5,453,476,929,
1994,ERE,21,23,12,951,74.7,73,117,190,
1994,ECL,21,24,122,4042,201.5,230,283,513,
1994,STA,23,25,54,1606,29.9,65,139,204,
1994,SGZ,23,26,125,3501,158.2,141,311,452,
1995,LUK,,1,,,,148,196,344,
1995,KIT,,2,,,,243,409,652,
1995,REE,,3,,,,706,1291,1997,
1995,GOR,,4,,,,374,1150,1524,
1995,ARD,,5,,,,58,53,111,
1995,MOR,,6,,,,380,573,953,
1995,VOS,,7,,,,914,1184,2098,
1995,POL,,8,,,,85,312,397,
1995,LPO,,9,,,,10,201,211,
1995,PCL,,10,,,,596,359,955,
1995,TOL,,11,,,,559,596,1155,
1995,ZAR,,12,,,,200,354,554,
1995,LZA,,13,,,,324,504,828,
1995,ZAP,,14,,,,557,1277,1834,
1995,SOU,,21,,,,234,105,339,
1995,NOR,,22,,,,457,353,810,
1995,ERE,,23,,,,83,116,199,
1995,ECL,,24,,,,267,224,491,
1995,STA,,25,,,,65,161,226,
1995,SGZ,,26,,,,136,95,231,
1996,LUK,,1,,,,158,194,352,
1996,KIT,19,2,332,6446,167.5,298,437,735,
1996,REE,,3,,,,674,1079,1753,
1996,GOR,,4,,,,446,994,1440,
1996,ARD,,5,,,,88,28,116,
1996,MOR,,6,,,,432,571,1003,
1996,VOS,18,7,830,26937,815,1092,1290,2382,
1996,POL,,8,,,,99,465,564,
1996,LPO,,9,,,,9,409,418,
1996,PCL,22,10,432,15807,590,530,375,905,
1996,TOL,21,11,1136,23272,399,624,1110,1734,
1996,ZAR,20,12,343,6666,62.5,196,493,689,
1996,LZA,20,13,737,15683,328.5,344,576,920,
1996,ZAP,,14,,,,653,1218,1871,
1996,SOU,20,21,99,5913,71,248,145,393,
1996,NOR,19,22,282,8932,145.5,442,232,674,
1996,ERE,21,23,11,1454,164.5,112,80,192,
1996,ECL,22,24,116,5042,54.5,267,115,382,
1996,STA,20,25,71,2112,120.5,54,107,161,
1996,SGZ,20,26,140,3932,126,125,111,236,
1997,LUK,,1,,,,111,158,269,
1997,KIT,,2,,,,313,325,638,
1997,REE,,3,,,,605,884,1489,
1997,GOR,,4,,,,375,1208,1583,
1997,ARD,,5,,,,87,56,143,
1997,MOR,,6,,,,391,726,1117,
1997,VOS,,7,,,,1081,1248,2329,
1997,POL,,8,,,,88,326,414,
1997,LPO,,9,,,,10,303,313,
1997,PCL,,10,,,,464,329,793,
1997,TOL,,11,,,,560,822,1382,
1997,ZAR,,12,,,,154,437,591,
1997,LZA,,13,,,,303,471,774,
1997,ZAP,,14,,,,522,1267,1789,
1997,SOU,,21,,,,184,262,446,
1997,NOR,,22,,,,342,552,894,
1997,ERE,,23,,,,49,88,137,
1997,ECL,,24,,,,177,251,428,
1997,STA,,25,,,,38,158,196,
1997,SGZ,,26,,,,120,163,283,
1998,LUK,18,1,175,4283,221,153,169,322,
1998,KIT,,2,,,,364,248,612,
1998,REE,21,3,496,20907,883.5,549,770,1319,
1998,GOR,21,4,420,15284,494.5,405,946,1351,
1998,ARD,21,5,38,1891,104,72,49,121,
1998,MOR,19,6,219,12386,482.5,327,759,1086,
1998,VOS,,7,,,,815,1308,2123,
1998,POL,19,8,56,2481,79,76,277,353,
1998,LPO,,9,,,,5,355,360,
1998,PCL,,10,,,,474,414,888,
1998,TOL,,11,,,,549,1172,1721,
1998,ZAR,,12,,,,170,329,499,
1998,LZA,,13,,,,359,493,852,
1998,ZAP,20,14,793,22760,526,560,991,1551,
1998,SOU,18,21,56,4490,26,220,155,375,
1998,NOR,20,22,142,7573,180.5,431,367,798,
1998,ERE,19,23,15,1246,49,78,90,168,
1998,ECL,19,24,124,4071,96.5,225,254,479,
1998,STA,21,25,46,1863,1.5,51,102,153,
1998,SGZ,18,26,69,2847,66,111,116,227,
1999,LUK,,1,,,,115,141,256,
1999,KIT,,2,,,,175,360,535,
1999,REE,,3,,,,406,834,1240,
1999,GOR,,4,,,,297,897,1194,
1999,ARD,,5,,,,68,28,96,
1999,MOR,,6,,,,266,559,825,
1999,VOS,,7,,,,814,1124,1938,
1999,POL,,8,,,,4,243,247,
1999,LPO,,9,,,,79,402,481,
1999,PCL,,10,,,,409,391,800,
1999,TOL,,11,,,,344,747,1091,
1999,ZAR,,12,,,,126,292,418,
1999,LZA,,13,,,,269,525,794,
1999,ZAP,,14,,,,395,1046,1441,
1999,SOU,,21,,,,222,150,372,
1999,NOR,,22,,,,377,268,645,
1999,ERE,,23,,,,80,88,168,
1999,ECL,,24,,,,211,214,425,
1999,STA,,25,,,,50,88,138,
1999,SGZ,,26,,,,112,108,220,
2000,LUK,,1,,,,98,97,195,
2000,KIT,21,2,146,6412,485.5,187,273,460,
2000,REE,,3,,,,380,768,1148,
2000,GOR,19,4,462,13948,49,273,978,1251,
2000,ARD,,5,,,,43,29,72,
2000,MOR,,6,,,,310,525,835,
2000,VOS,18,7,674,27976,453,793,1161,1954,
2000,POL,18,8,67,2893,78.5,71,309,380,
2000,LPO,,9,,,,5,244,249,
2000,PCL,,10,,,,368,336,704,
2000,TOL,,11,,,,378,671,1049,
2000,ZAR,,12,,,,117,249,366,
2000,LZA,19,13,459,14918,201,233,383,616,
2000,ZAP,20,14,833,21679,143,390,975,1365,
2000,SOU,17,21,191,4212,103,181,186,367,
2000,NOR,16,22,311,7306,93,309,405,714,
2000,ERE,15,23,24,1064,73.5,72,128,200,
2000,ECL,15,24,96,3659,127.5,184,279,463,
2000,STA,17,25,34,1249,48.7,44,113,157,
2000,SGZ,17,26,100,2687,173.5,81,189,270,
2001,LUK,,1,,,,89,153,242,
2001,KIT,,2,,,,158,262,420,
2001,REE,,3,,,,438,933,1371,
2001,GOR,,4,,,,262,1022,1284,
2001,ARD,,5,,,,53,23,76,
2001,MOR,,6,,,,260,617,877,
2001,VOS,,7,,,,740,1061,1801,
2001,POL,,8,,,,34,224,258,
2001,LPO,,9,,,,2,196,198,
2001,PCL,,10,,,,301,202,503,
2001,TOL,,11,,,,361,855,1216,
2001,ZAR,,12,,,,102,261,363,
2001,LZA,,13,,,,214,332,546,
2001,ZAP,,14,,,,374,1033,1407,
2001,SOU,,21,,,,183,238,421,
2001,NOR,,22,,,,271,515,786,
2001,ERE,,23,,,,71,165,236,
2001,ECL,,24,,,,192,344,536,
2001,STA,,25,,,,34,173,207,
2001,SGZ,,26,,,,92,161,253,
2002,LUK,20,1,145,3375,91.5,110,266,376,
2002,KIT,26,2,150,5465,204.5,162,484,646,
2002,REE,20,3,544,16412,1427,476,765,1241,
2002,GOR,21,4,476,11784,158,291,1062,1353,
2002,ARD,21,5,57,1497,74,53,37,90,
2002,MOR,21,6,241,10714,97,269,584,853,
2002,VOS,17,7,696,24474,277.5,782,979,1761,
2002,POL,22,8,100,2873,121,52,382,434,
2002,LPO,,9,,,,2,265,267,
2002,PCL,22,10,277,13716,367,321,311,632,
2002,TOL,18,11,709,17667,458.5,354,913,1267,
2002,ZAR,18,12,203,5587,172,139,399,538,
2002,LZA,26,13,440,12716,208.5,217,368,585,
2002,ZAP,23,14,737,19365,127.5,441,1062,1503,
2002,SOU,18,21,173,3691,51.5,212,134,346,
2002,NOR,17,22,167,6348,18,306,417,723,
2002,ERE,16,23,11,805,18.5,66,106,172,
2002,ECL,16,24,82,3206,42.5,182,280,462,
2002,STA,17,25,19,1180,79,43,116,159,
2002,SGZ,18,26,81,2363,244.5,90,212,302,
2003,LUK,,1,,,,91,178,269,
2003,KIT,,2,,,,155,270,425,
2003,REE,,3,,,,503,762,1265,
2003,GOR,,4,,,,272,845,1117,
2003,ARD,,5,,,,52,20,72,
2003,MOR,,6,,,,296,776,1072,
2003,VOS,,7,,,,606,1174,1780,
2003,POL,,8,,,,84,355,439,
2003,LPO,,9,,,,2,97,99,
2003,PCL,,10,,,,374,404,778,
2003,TOL,,11,,,,341,550,891,
2003,ZAR,,12,,,,154,430,584,
2003,LZA,,13,,,,286,576,862,
2003,ZAP,,14,,,,436,1135,1571,
2003,SOU,,21,,,,183,159,342,
2003,NOR,,22,,,,220,417,637,
2003,ERE,,23,,,,52,65,117,
2003,ECL,,24,,,,141,306,447,
2003,STA,,25,,,,41,107,148,
2003,SGZ,,26,,,,79,104,183,
2004,LUK,26,1,102,3095,176,90,152,242,
2004,KIT,19,2,111,4911,48.5,129,297,426,
2004,REE,26,3,456,15718,492.5,394,509,903,
2004,GOR,21,4,417,9986,96,237,567,804,
2004,ARD,21,5,38,1196,104,39,38,77,
2004,MOR,19,6,237,9018,177,281,432,713,
2004,VOS,24,7,618,19490,436.5,742,629,1371,
2004,POL,25,8,70,2581,108,69,290,359,
2004,LPO,25,9,2,69,,2,235,237,
2004,PCL,25,10,177,11066,503,283,296,579,
2004,TOL,22,11,639,13785,560.5,317,517,834,
2004,ZAR,20,12,171,5087,245.5,141,200,341,
2004,LZA,21,13,418,10439,204,238,198,436,
2004,ZAP,20,14,585,16384,682,324,667,991,
2004,SOU,25,21,134,3908,70,184,151,335,
2004,NOR,24,22,96,5397,25,247,369,616,
2004,ERE,20,23,20,935,55,59,79,138,
2004,ECL,20,24,72,3377,52,156,130,286,
2004,STA,24,25,27,1001,132,39,68,107,
2004,SGZ,25,26,66,2260,168.5,75,108,183,
2005,LUK,,1,,,,105,220,325,
2005,KIT,,2,,,,157,317,474,
2005,REE,,3,,,,441,646,1087,
2005,GOR,,4,,,,259,731,990,
2005,ARD,,5,,,,54,21,75,
2005,MOR,,6,,,,296,534,830,
2005,VOS,,7,,,,724,750,1474,
2005,POL,,8,,,,73,205,278,
2005,LPO,,9,,,,3,239,242,
2005,PCL,,10,,,,307,259,566,
2005,TOL,,11,,,,305,598,903,
2005,ZAR,,12,,,,167,231,398,
2005,LZA,,13,,,,241,370,611,
2005,ZAP,,14,,,,383,690,1073,
2005,SOU,,21,,,,188,91,279,
2005,NOR,,22,,,,340,175,515,
2005,ERE,,23,,,,60,49,109,
2005,ECL,,24,,,,188,127,315,
2005,STA,,25,,,,48,121,169,
2005,SGZ,,26,,,,81,71,152,
2006,LUK,17,1,149,2805,59.5,100,167,267,
2006,KIT,,2,,4798,89,167,319,486,
2006,REE,,3,,13871,406,511,647,1158,
2006,GOR,,4,,9116,264.5,284,660,944,
2006,ARD,17,5,51,1214,65,54,36,90,
2006,MOR,,6,,9070,550.5,314,713,1027,
2006,VOS,19,7,694,17480,347.5,737,930,1667,
2006,POL,,8,,2571,214,69,274,343,
2006,LPO,,9,,57,2.65,2,269,271,
2006,PCL,,10,,9927,102.5,278,196,474,
2006,TOL,,11,,11439,915.5,333,505,838,
2006,ZAR,,12,,4895,201.5,159,302,461,
2006,LZA,,13,,8894,461.5,253,422,675,
2006,ZAP,18,14,703,13800,383.5,408,843,1251,
2006,SOU,22,21,191,3959,22,155,81,236,
2006,NOR,,22,,5506,13,260,243,503,
2006,ERE,,23,,869,12,56,60,116,
2006,ECL,21,24,127,3654,114.5,143,129,272,
2006,STA,23,25,40,996,1,38,82,120,
2006,SGZ,,26,,2086,37,68,55,123,
2007,LUK,,1,,,,91,213,304,
2007,KIT,,2,,,,150,331,481,
2007,REE,,3,,,,428,560,988,
2007,GOR,,4,,,,232,440,672,
2007,ARD,,5,,,,48,23,71,
2007,MOR,,6,,,,305,601,906,
2007,VOS,,7,,,,686,729,1415,
2007,POL,,8,,,,95,227,322,
2007,LPO,,9,,,,2,157,159,
2007,PCL,,10,,,,350,237,587,
2007,TOL,,11,,,,403,471,874,
2007,ZAR,,12,,,,152,244,396,
2007,LZA,,13,,,,260,317,577,
2007,ZAP,,14,,,,366,720,1086,
2007,SOU,,21,,,,165,106,271,
2007,NOR,,22,,,,248,207,455,
2007,ERE,,23,,,,53,22,75,
2007,ECL,,24,,,,159,126,285,
2007,STA,,25,,,,41,39,80,
2007,SGZ,,26,,,,78,59,137,
2008,LUK,,1,,3098,178,84,188,272,
2008,KIT,,2,,3879,53.5,158,232,390,
2008,REE,,3,,13790,518,491,644,1135,
2008,GOR,19,4,485,9530,596.5,341,501,842,
2008,ARD,,5,,766,69,65,16,81,
2008,MOR,20,6,443,8226,126.5,344,572,916,
2008,VOS,,7,,15515,414.5,959,716,1675,
2008,POL,18,8,148,2576,36.5,108,161,269,
2008,LPO,,9,,52,7.6,3,186,189,
2008,PCL,,10,,9132,314,386,195,581,
2008,TOL,17,11,620,11319,6.5,363,428,791,
2008,ZAR,,12,,4921,263,146,250,396,
2008,LZA,,13,,8023,146,241,296,537,
2008,ZAP,,14,,11847,58.5,430,665,1095,
2008,SOU,,21,,3856,33.5,166,65,231,
2008,NOR,21,22,345,5697,62.5,264,209,473,
2008,ERE,19,23,48,1421,208,66,52,118,
2008,ECL,,24,,4312,135,202,124,326,
2008,STA,,25,,793,29,34,78,112,
2008,SGZ,20,26,106,2081,32,73,110,183,
2009,LUK,,1,,,,145,154,299,
2009,KIT,,2,,,,240,206,446,
2009,REE,,3,,,,501,493,994,
2009,GOR,,4,,,,324,615,939,
2009,ARD,,5,,,,66,21,87,
2009,MOR,,6,,,,380,474,854,
2009,VOS,,7,,,,727,830,1557,
2009,POL,,8,,,,97,260,357,
2009,LPO,,9,,,,1,217,218,
2009,PCL,,10,,,,342,229,571,
2009,TOL,,11,,,,430,337,767,
2009,ZAR,,12,,,,175,250,425,
2009,LZA,,13,,,,273,423,696,
2009,ZAP,,14,,,,420,717,1137,
2009,SOU,,21,,,,178,96,274,
2009,NOR,,22,,,,305,338,643,
2009,ERE,,23,,,,84,82,166,
2009,ECL,,24,,,,184,185,369,
2009,STA,,25,,,,43,47,90,
2009,SGZ,,26,,,,79,76,155,
2010,LUK,,1,,2956,105.5,149,128,277,
2010,KIT,,2,,4114,149,208,201,409,
2010,REE,17,3,870,11784,21,507,431,938,
2010,GOR,,4,,8773,95,326,439,765,
2010,ARD,,5,,1070,17.5,60,23,83,
2010,MOR,,6,,7419,84,376,513,889,
2010,VOS,21,7,642,14951,202.5,701,659,1360,
2010,POL,,8,,2743,133,92,216,308,
2010,LPO,,9,,23,1.3,1,104,105,
2010,PCL,19,10,356,7957,2.5,395,163,558,
2010,TOL,,11,,10430,362,329,492,821,
2010,ZAR,18,12,318,4401,201.5,175,314,489,
2010,LZA,,13,,7152,93.5,255,388,643,
2010,ZAP,,14,,10729,8.5,400,769,1169,
2010,SOU,,21,,3922,261.2,188,125,313,
2010,NOR,23,22,322,5357,12.5,254,375,629,
2010,ERE,,23,,1534,64,78,116,194,
2010,ECL,21,24,159,4050,19.5,183,251,434,
2010,STA,,25,,1031,83.5,34,66,100,
2010,SGZ,22,26,132,2079,1.5,93,97,190,
2011,LUK,,1,,,,107,216,323,
2011,KIT,,2,,,,158,231,389,
2011,REE,,3,,,,526,598,1124,
2011,GOR,,4,,,,338,432,770,
2011,ARD,,5,,,,48,13,61,
2011,MOR,,6,,,,334,454,788,
2011,VOS,,7,,,,696,639,1335,
2011,POL,,8,,,,105,256,361,
2011,LPO,,9,,,,0,168,168,
2011,PCL,,10,,,,363,201,564,
2011,TOL,,11,,,,348,492,840,
2011,ZAR,,12,,,,174,242,416,
2011,LZA,,13,,,,256,384,640,
2011,ZAP,,14,,,,376,813,1189,
2011,SOU,,21,,,,175,125,300,
2011,NOR,,22,,,,277,407,684,
2011,ERE,,23,,,,83,83,166,
2011,ECL,,24,,,,191,249,440,
2011,STA,,25,,,,35,93,128,
2011,SGZ,,26,,,,81,155,236,
2012,LUK,16,1,135,2888,52.5,116,124,240,
2012,KIT,,2,,4011,204.5,169,158,327,
2012,REE,15,3,478,12903,477,465,448,913,
2012,GOR,,4,,8421,18,305,326,631,
2012,ARD,,5,,906,109.5,50,14,64,
2012,MOR,14,6,257,8971,932,302,281,583,
2012,VOS,,7,,15239,140,604,504,1108,
2012,POL,,8,,3099,117,107,191,298,
2012,LPO,,9,,0,,0,121,121,
2012,PCL,,10,,8601,283,296,144,440,
2012,TOL,,11,,9371,51.5,286,341,627,
2012,ZAR,,12,,4495,178,129,193,322,
2012,LZA,16,13,291,7495,292.5,209,231,440,
2012,ZAP,,14,,10428,131,298,581,879,
2012,SOU,17,21,90,3653,81,174,139,313,
2012,NOR,,22,,4485,86.5,268,317,585,
2012,ERE,16,23,59,1628,46,95,143,238,
2012,ECL,,24,,3764,38.5,213,259,472,
2012,STA,16,25,42,852,42,34,96,130,
2012,SGZ,,26,,1802,29.5,68,101,169,
2013,LUK,,1,,,,107,176,283,
2013,KIT,,2,,,,161,205,366,
2013,REE,,3,,,,443,556,999,
2013,GOR,,4,,,,315,419,734,
2013,ARD,,5,,,,51,21,72,
2013,MOR,,6,,,,362,350,712,
2013,VOS,,7,,,,723,461,1184,
2013,POL,,8,,,,124,122,246,
2013,LPO,,9,,,,0,99,99,
2013,PCL,,10,,,,374,121,495,
2013,TOL,,11,,,,361,369,730,
2013,ZAR,,12,,,,162,235,397,
2013,LZA,,13,,,,228,308,536,
2013,ZAP,,14,,,,383,600,983,
2013,SOU,,21,,,,195,132,327,
2013,NOR,,22,,,,294,307,601,
2013,ERE,,23,,,,108,121,229,
2013,ECL,,24,,,,220,170,390,
2013,STA,,25,,,,43,71,114,
2013,SGZ,,26,,,,93,114,207,
2014,LUK,,1,,3066,177,95,139,234,
2014,KIT,18,2,84,3593,53,130,180,310,
2014,REE,,3,,11655,8.5,429,406,835,
2014,GOR,20,4,276,8045,526,306,386,692,
2014,ARD,,5,,802,32,36,11,47,
2014,MOR,,6,,9439,284,317,378,695,
2014,VOS,16,7,426,15459,36,631,449,1080,
2014,POL,,8,,3145,213.5,99,119,218,
2014,LPO,,9,,,,0,68,68,
2014,PCL,,10,,7760,75.5,265,142,407,
2014,TOL,,11,,9105,53.5,260,306,566,
2014,ZAR,17,12,137,4020,99.5,158,195,353,
2014,LZA,,13,,6070,141,256,277,533,
2014,ZAP,,14,,9578,220,380,448,828,
2014,SOU,25,21,80,3545,91,164,149,313,
2014,NOR,,22,,5697,169.5,285,372,657,
2014,ERE,,23,,2420,146,105,129,234,
2014,ECL,21,24,128,4563,38.5,212,219,431,
2014,STA,22,25,27,740,72,39,81,120,
2014,SGZ,,26,,1972,154.5,71,158,229,
2015,LUK,,1,,,,113,82,195,
2015,KIT,,2,,,,181,177,358,
2015,REE,,3,,,,392,488,880,
2015,GOR,,4,,,,264,389,653,
2015,ARD,,5,,,,51,13,64,
2015,MOR,,6,,,,288,362,650,
2015,VOS,,7,,,,686,434,1120,
2015,POL,,8,,,,113,207,320,
2015,LPO,,9,,,,0,98,98,
2015,PCL,,10,,,,257,99,356,
2015,TOL,,11,,,,277,360,637,
2015,ZAR,,12,,,,160,188,348,
2015,LZA,,13,,,,214,281,495,
2015,ZAP,,14,,,,360,496,856,
2015,SOU,,21,,,,111,165,276,
2015,NOR,,22,,,,231,323,554,
2015,ERE,,23,,,,62,120,182,
2015,ECL,,24,,,,150,242,392,
2015,STA,,25,,,,32,57,89,
2015,SGZ,,26,,,,102,82,184,
2016,LUK,16,1,103,2559,39,105,73,178,
2016,KIT,,2,,3633,66.5,136,143,279,
2016,REE,17,3,228,10570,314,464,338,802,
2016,GOR,,4,,7276,136,299,278,577,
2016,ARD,,5,,640,80,30,11,41,
2016,MOR,18,6,174,7908,212.5,292,269,561,
2016,VOS,,7,,14295,393.5,649,289,938,
2016,POL,,8,,3232,83.5,100,177,277,
2016,LPO,,9,,,,0,83,83,
2016,PCL,,10,,6667,0.5,236,83,319,
2016,TOL,,11,,7381,174,321,206,527,
2016,ZAR,16,12,152,3252,19,143,171,314,
2016,LZA,,13,,5427,109.5,242,187,429,
2016,ZAP,,14,,7801,118,369,335,704,
2016,SOU,19,21,41,3891,248,158,98,256,
2016,NOR,20,22,81,6275,57,254,194,448,
2016,ERE,18,23,25,3025,75,110,56,166,
2016,ECL,,24,,4625,313.5,250,131,381,
2016,STA,,25,,792,3.5,35,41,76,
2016,SGZ,,26,,1882,193,91,68,159,
2017,LUK,,1,,,,90,136,226,
2017,KIT,,2,,,,135,164,299,
2017,REE,,3,,,,430,415,845,
2017,GOR,,4,,,,245,283,528,
2017,ARD,,5,,,,33,15,48,
2017,MOR,,6,,,,276,329,605,
2017,VOS,,7,,,,591,455,1046,
2017,POL,,8,,,,80,218,298,
2017,LPO,,9,,,,0,87,87,
2017,PCL,,10,,,,273,75,348,
2017,TOL,,11,,,,307,251,558,
2017,ZAR,,12,,,,134,148,282,
2017,LZA,,13,,,,183,209,392,
2017,ZAP,,14,,,,284,422,706,
2017,SOU,,21,,,,,,,
2017,NOR,,22,,,,,,,
2017,ERE,,23,,,,,,,
2017,ECL,,24,,,,,,,
2017,STA,,25,,,,,,,
2017,SGZ,,26,,,,,,,
2018,LUK,20,1,62,2449,34.5,76,106,182,
2018,KIT,,2,,3484,55,109,182,291,
2018,REE,18,3,230,9690,240,359,337,696,
2018,GOR,,4,,6986,545.5,243,271,514,
2018,ARD,,5,,575,24.5,43,11,54,
2018,MOR,21,6,283,8027,57.5,292,257,549,
2018,VOS,,7,,13877,377,641,389,1030,
2018,POL,,8,,2641,68.5,83,196,279,
2018,LPO,,9,,,,1,91,92,
2018,PCL,,10,,6349,442.5,227,109,336,
2018,TOL,,11,,6594,146.5,225,246,471,
2018,ZAR,20,12,106,2710,21,125,143,268,
2018,LZA,,13,,4935,169.5,193,156,349,
2018,ZAP,,14,,7402,378.5,345,344,689,
2018,SOU,,21,,3815,23.5,174,87,261,
2018,NOR,23,22,115,6683,269.5,266,256,522,
2018,ERE,24,23,29,2958,72.5,123,143,266,
2018,ECL,,24,,4570,159,272,199,471,
2018,STA,,25,,922,88,50,49,99,
2018,SGZ,22,26,54,2677,44.5,94,95,189,
2019,LUK,,1,,,,,,,
2019,KIT,,2,,,,,,,
2019,REE,,3,,,,,,,
2019,GOR,,4,,,,,,,
2019,ARD,,5,,,,,,,
2019,MOR,,6,,,,,,,
2019,VOS,,7,,,,,,,
2019,POL,,8,,,,,,,
2019,LPO,,9,,,,,,,
2019,PCL,,10,,,,,,,
2019,TOL,,11,,,,,,,
2019,ZAR,,12,,,,,,,
2019,LZA,,13,,,,,,,
2019,ZAP,,14,,,,,,,
2019,SOU,,21,,,,183,104,287,
2019,NOR,,22,,,,301,253,554,
2019,ERE,,23,,,,154,109,263,
2019,ECL,,24,,,,233,137,370,
2019,STA,,25,,,,47,27,74,
2019,SGZ,,26,,,,103,72,175,
2021,LUK,,1,,,,126,112,,
2021,KIT,,2,,,,144,120,,
2021,REE,17,3,370,8508,90.5,405,394,,
2021,GOR,,4,,,,245,281,,
2021,ARD,,5,,,,37,11,,
2021,MOR,15,6,346,8172,43.5,326,254,,
2021,VOS,,7,,,,664,382,,
2021,POL,16,8,114,2557,158,91,188,,
2021,LPO,,9,,,,1,56,,
2021,PCL,,10,,,,283,68,,
2021,TOL,,11,,,,213,165,,
2021,ZAR,16,12,113,2159,32,125,92,,
2021,LZA,,13,,,,165,161,,
2021,ZAP,18,14,306,6601,353,302,308,,
2021,SOU,,21,,,,185,89,274,
2021,NOR,,22,,,,334,187,521,
2021,ERE,,23,,,,201,108,309,
2021,ECL,,24,,,,259,150,409,
2021,STA,,25,,,,66,35,101,
2021,SGZ,,26,,,,119,85,204,
2022,LUK,,1,,2248,212.5,,,,
2022,KIT,,2,,2380,15.5,,,,
2022,REE,17,3,325,8879,367.5,,,,
2022,GOR,,4,,5375,55,,,,
2022,ARD,,5,,688,267.5,,,,
2022,MOR,20,6,339,7843,150.5,,,,
2022,VOS,,7,,12458,471,,,,
2022,POL,19,8,96,2600,47.5,,,,
2022,LPO,,9,,,,,,,
2022,PCL,,10,,5968,415,,,,
2022,TOL,,11,,5413,403.5,,,,
2022,ZAR,18,12,117,2536,75.5,,,,
2022,LZA,,13,,4122,15.5,,,,
2022,ZAP,,14,,6264,365.5,,,,
2022,SOU,21,21,86,4250,45,163,93,256,
2022,NOR,,22,,7633,214,333,270,603,
2022,ERE,19,23,81,3882,138.5,128,188,316,
2022,ECL,,24,,6378,26.5,266,234,500,
2022,STA,21,25,25,1007,0.7,49,61,110,
2022,SGZ,,26,,3331,1,102,123,225,